id	mode	chain_id	step	location	country	latitude	longitude	typology	tags	image_id	source_image_url	local_image_url	image_url	text	sentiment	source_row	order_hint
windows-1	windows		image	Natal	BR	-5.805398	-35.2080905	window_photo	windows,image,photo	1FpZGokw6kJkCqYyGDNbNvh6SauoRFyUL	https://lh3.googleusercontent.com/d/1FpZGokw6kJkCqYyGDNbNvh6SauoRFyUL=w2200	/images/1FpZGokw6kJkCqYyGDNbNvh6SauoRFyUL.jpg	/images/1FpZGokw6kJkCqYyGDNbNvh6SauoRFyUL.jpg			2	1
broken-1-image	broken	broken-1	image	Natal	BR	-5.805398	-35.2080905	window_photo	broken,image,window	1FpZGokw6kJkCqYyGDNbNvh6SauoRFyUL	https://lh3.googleusercontent.com/d/1FpZGokw6kJkCqYyGDNbNvh6SauoRFyUL=w2200	/images/1FpZGokw6kJkCqYyGDNbNvh6SauoRFyUL.jpg	/images/1FpZGokw6kJkCqYyGDNbNvh6SauoRFyUL.jpg			2	2
broken-1-text	broken	broken-1	text	California	US	36.7014631	-118.755997	unclear	broken,text,description,unclear					i can see a wonderful climate here.what is it means dark clouds are in day light.half of the place shadow cover and half of the place day is there.its nice to see		2	3
broken-1-drawing	broken	broken-1	drawing	Florence				drawing_response	broken,image,drawing	1ugMULj8ViZNKxwIT_DHq_VpmhaQQHL62	https://lh3.googleusercontent.com/d/1ugMULj8ViZNKxwIT_DHq_VpmhaQQHL62=w2200	/images/1ugMULj8ViZNKxwIT_DHq_VpmhaQQHL62.jpg	/images/1ugMULj8ViZNKxwIT_DHq_VpmhaQQHL62.jpg			2	4
windows-2	windows		image	Clemmons	US	36.0215258	-80.3819984	window_photo	windows,image,photo	10RQ8etRYdmzdPgDYltWY3LQ1UumWJfpA	https://lh3.googleusercontent.com/d/10RQ8etRYdmzdPgDYltWY3LQ1UumWJfpA=w2200	/images/10RQ8etRYdmzdPgDYltWY3LQ1UumWJfpA.jpg	/images/10RQ8etRYdmzdPgDYltWY3LQ1UumWJfpA.jpg			3	5
broken-2-image	broken	broken-2	image	Clemmons	US	36.0215258	-80.3819984	window_photo	broken,image,window	10RQ8etRYdmzdPgDYltWY3LQ1UumWJfpA	https://lh3.googleusercontent.com/d/10RQ8etRYdmzdPgDYltWY3LQ1UumWJfpA=w2200	/images/10RQ8etRYdmzdPgDYltWY3LQ1UumWJfpA.jpg	/images/10RQ8etRYdmzdPgDYltWY3LQ1UumWJfpA.jpg			3	6
broken-2-text	broken	broken-2	text	Newcastle upon Tyne	GB	54.9806082	-1.6478673	nature	broken,text,description,nature					GARDEN		3	7
broken-3-image	broken	broken-3	image	Clemmons	US	36.0215258	-80.3819984	window_photo	broken,image,window	10RQ8etRYdmzdPgDYltWY3LQ1UumWJfpA	https://lh3.googleusercontent.com/d/10RQ8etRYdmzdPgDYltWY3LQ1UumWJfpA=w2200	/images/10RQ8etRYdmzdPgDYltWY3LQ1UumWJfpA.jpg	/images/10RQ8etRYdmzdPgDYltWY3LQ1UumWJfpA.jpg			4	8
broken-3-text	broken	broken-3	text	Orléans	FR	47.9027336	1.9086066	nature	broken,text,description,nature					Window,Trees,road,car		4	9
broken-3-drawing	broken	broken-3	drawing	brazil				drawing_response	broken,image,drawing	1i2s3p9wMPebWzzwZ1mSIpos2ldZBAJQd	https://lh3.googleusercontent.com/d/1i2s3p9wMPebWzzwZ1mSIpos2ldZBAJQd=w2200	/images/1i2s3p9wMPebWzzwZ1mSIpos2ldZBAJQd.jpg	/images/1i2s3p9wMPebWzzwZ1mSIpos2ldZBAJQd.jpg			4	10
windows-3	windows		image	Rockford	US	42.2713945	-89.093966	window_photo	windows,image,photo	16d_y28K6xolcvGL9Fe2zhZsuqZ5xuMuh	https://lh3.googleusercontent.com/d/16d_y28K6xolcvGL9Fe2zhZsuqZ5xuMuh=w2200	/images/16d_y28K6xolcvGL9Fe2zhZsuqZ5xuMuh.jpg	/images/16d_y28K6xolcvGL9Fe2zhZsuqZ5xuMuh.jpg			5	11
broken-4-image	broken	broken-4	image	Rockford	US	42.2713945	-89.093966	window_photo	broken,image,window	16d_y28K6xolcvGL9Fe2zhZsuqZ5xuMuh	https://lh3.googleusercontent.com/d/16d_y28K6xolcvGL9Fe2zhZsuqZ5xuMuh=w2200	/images/16d_y28K6xolcvGL9Fe2zhZsuqZ5xuMuh.jpg	/images/16d_y28K6xolcvGL9Fe2zhZsuqZ5xuMuh.jpg			5	12
broken-4-text	broken	broken-4	text	Rio de Janeiro	BR	-22.9110137	-43.2093727	street	broken,text,description,street					some cars next to each other		5	13
broken-4-drawing	broken	broken-4	drawing	Aldie				drawing_response	broken,image,drawing	1DQa5slbbf2r7XftDj-73C-mS0vBjeFmr	https://lh3.googleusercontent.com/d/1DQa5slbbf2r7XftDj-73C-mS0vBjeFmr=w2200	/images/1DQa5slbbf2r7XftDj-73C-mS0vBjeFmr.png	/images/1DQa5slbbf2r7XftDj-73C-mS0vBjeFmr.png			5	14
windows-4	windows		image	Los Angeles	US	34.0536909	-118.242766	window_photo	windows,image,photo	1U5pNeJNxwB_6er9P0YQetOGH8zs5qrUX	https://lh3.googleusercontent.com/d/1U5pNeJNxwB_6er9P0YQetOGH8zs5qrUX=w2200	/images/1U5pNeJNxwB_6er9P0YQetOGH8zs5qrUX.jpg	/images/1U5pNeJNxwB_6er9P0YQetOGH8zs5qrUX.jpg			6	15
broken-5-image	broken	broken-5	image	Los Angeles	US	34.0536909	-118.242766	window_photo	broken,image,window	1U5pNeJNxwB_6er9P0YQetOGH8zs5qrUX	https://lh3.googleusercontent.com/d/1U5pNeJNxwB_6er9P0YQetOGH8zs5qrUX=w2200	/images/1U5pNeJNxwB_6er9P0YQetOGH8zs5qrUX.jpg	/images/1U5pNeJNxwB_6er9P0YQetOGH8zs5qrUX.jpg			6	16
broken-5-text	broken	broken-5	text	Louisiana	US	30.8703881	-92.007126	water	broken,text,description,water					I SEE THE SEA AND HUGE BUILDINGS(CITY) AND ALSO SOME SHIPS.		6	17
broken-5-drawing	broken	broken-5	drawing	Cagliari				drawing_response	broken,image,drawing	19cpvbMAleJ-XXUBubL-W4fS3RJN0saPt	https://lh3.googleusercontent.com/d/19cpvbMAleJ-XXUBubL-W4fS3RJN0saPt=w2200	/images/19cpvbMAleJ-XXUBubL-W4fS3RJN0saPt.jpg	/images/19cpvbMAleJ-XXUBubL-W4fS3RJN0saPt.jpg			6	18
windows-5	windows		image	City of New York	US	40.8466508	-73.8785937	window_photo	windows,image,photo	1nXpH7sGJT4E8r6e5k9UWCMJY-j8yh9TC	https://lh3.googleusercontent.com/d/1nXpH7sGJT4E8r6e5k9UWCMJY-j8yh9TC=w2200	/images/1nXpH7sGJT4E8r6e5k9UWCMJY-j8yh9TC.jpg	/images/1nXpH7sGJT4E8r6e5k9UWCMJY-j8yh9TC.jpg			7	19
broken-6-image	broken	broken-6	image	City of New York	US	40.8466508	-73.8785937	window_photo	broken,image,window	1nXpH7sGJT4E8r6e5k9UWCMJY-j8yh9TC	https://lh3.googleusercontent.com/d/1nXpH7sGJT4E8r6e5k9UWCMJY-j8yh9TC=w2200	/images/1nXpH7sGJT4E8r6e5k9UWCMJY-j8yh9TC.jpg	/images/1nXpH7sGJT4E8r6e5k9UWCMJY-j8yh9TC.jpg			7	20
broken-6-text	broken	broken-6	text	Louisiana	US	30.8703881	-92.007126	urban	broken,text,description,urban					I THINK IT IS A FACTORY VIEW FROM WINDOW		7	21
broken-6-drawing	broken	broken-6	drawing	east hampton				drawing_response	broken,image,drawing	1jrUOTuuYIVSbgtg_81G8Y4rf1WFI9HpT	https://lh3.googleusercontent.com/d/1jrUOTuuYIVSbgtg_81G8Y4rf1WFI9HpT=w2200	/images/1jrUOTuuYIVSbgtg_81G8Y4rf1WFI9HpT.jpg	/images/1jrUOTuuYIVSbgtg_81G8Y4rf1WFI9HpT.jpg			7	22
windows-6	windows		image	Sarasota	US	27.3365805	-82.5308545	window_photo	windows,image,photo	1xeKXdQq86X6NmWXXdghCGOfLETteOctm	https://lh3.googleusercontent.com/d/1xeKXdQq86X6NmWXXdghCGOfLETteOctm=w2200	/images/1xeKXdQq86X6NmWXXdghCGOfLETteOctm.jpg	/images/1xeKXdQq86X6NmWXXdghCGOfLETteOctm.jpg			8	23
broken-7-image	broken	broken-7	image	Sarasota	US	27.3365805	-82.5308545	window_photo	broken,image,window	1xeKXdQq86X6NmWXXdghCGOfLETteOctm	https://lh3.googleusercontent.com/d/1xeKXdQq86X6NmWXXdghCGOfLETteOctm=w2200	/images/1xeKXdQq86X6NmWXXdghCGOfLETteOctm.jpg	/images/1xeKXdQq86X6NmWXXdghCGOfLETteOctm.jpg			8	24
broken-7-text	broken	broken-7	text	Rio de Janeiro	BR	-22.9110137	-43.2093727	nature	broken,text,description,nature					I see calm days, quiet place with some parked cars		8	25
broken-7-drawing	broken	broken-7	drawing	bradford				drawing_response	broken,image,drawing	1tajUbDPP2r60-x6mq-yf4QlFaIv08pG8	https://lh3.googleusercontent.com/d/1tajUbDPP2r60-x6mq-yf4QlFaIv08pG8=w2200	/images/1tajUbDPP2r60-x6mq-yf4QlFaIv08pG8.jpg	/images/1tajUbDPP2r60-x6mq-yf4QlFaIv08pG8.jpg			8	26
windows-7	windows		image	Undefined	AZ	40.3936294	47.7872508	window_photo	windows,image,photo	1_Ubyuw-tIK5-JpNvNOnmNLXAM7-mSJ8h	https://lh3.googleusercontent.com/d/1_Ubyuw-tIK5-JpNvNOnmNLXAM7-mSJ8h=w2200	/images/1_Ubyuw-tIK5-JpNvNOnmNLXAM7-mSJ8h.jpg	/images/1_Ubyuw-tIK5-JpNvNOnmNLXAM7-mSJ8h.jpg			9	27
broken-8-image	broken	broken-8	image	Undefined	AZ	40.3936294	47.7872508	window_photo	broken,image,window	1_Ubyuw-tIK5-JpNvNOnmNLXAM7-mSJ8h	https://lh3.googleusercontent.com/d/1_Ubyuw-tIK5-JpNvNOnmNLXAM7-mSJ8h=w2200	/images/1_Ubyuw-tIK5-JpNvNOnmNLXAM7-mSJ8h.jpg	/images/1_Ubyuw-tIK5-JpNvNOnmNLXAM7-mSJ8h.jpg			9	28
broken-8-text	broken	broken-8	text	United States	US	39.7837304	-100.445882	urban	broken,text,description,urban					I saw an one big window and small window also. And two plants		9	29
broken-8-drawing	broken	broken-8	drawing	Oakdale				drawing_response	broken,image,drawing	1j9aSRAydo_Wuy-U1ApYKybhz_3J9vzH4	https://lh3.googleusercontent.com/d/1j9aSRAydo_Wuy-U1ApYKybhz_3J9vzH4=w2200	/images/1j9aSRAydo_Wuy-U1ApYKybhz_3J9vzH4.jpg	/images/1j9aSRAydo_Wuy-U1ApYKybhz_3J9vzH4.jpg			9	30
windows-8	windows		image	Goiânia	BR	-16.680882	-49.2532691	window_photo	windows,image,photo	1zgMwMzcrExwy-6SVbkGAFkcKRkVe-CBm	https://lh3.googleusercontent.com/d/1zgMwMzcrExwy-6SVbkGAFkcKRkVe-CBm=w2200	/images/1zgMwMzcrExwy-6SVbkGAFkcKRkVe-CBm.jpg	/images/1zgMwMzcrExwy-6SVbkGAFkcKRkVe-CBm.jpg			10	31
broken-9-image	broken	broken-9	image	Goiânia	BR	-16.680882	-49.2532691	window_photo	broken,image,window	1zgMwMzcrExwy-6SVbkGAFkcKRkVe-CBm	https://lh3.googleusercontent.com/d/1zgMwMzcrExwy-6SVbkGAFkcKRkVe-CBm=w2200	/images/1zgMwMzcrExwy-6SVbkGAFkcKRkVe-CBm.jpg	/images/1zgMwMzcrExwy-6SVbkGAFkcKRkVe-CBm.jpg			10	32
broken-9-text	broken	broken-9	text	Chennai	IN	13.0836939	80.270186	urban	broken,text,description,urban					window design is very nice		10	33
broken-10-image	broken	broken-10	image	Goiânia	BR	-16.680882	-49.2532691	window_photo	broken,image,window	1zgMwMzcrExwy-6SVbkGAFkcKRkVe-CBm	https://lh3.googleusercontent.com/d/1zgMwMzcrExwy-6SVbkGAFkcKRkVe-CBm=w2200	/images/1zgMwMzcrExwy-6SVbkGAFkcKRkVe-CBm.jpg	/images/1zgMwMzcrExwy-6SVbkGAFkcKRkVe-CBm.jpg			11	34
broken-10-text	broken	broken-10	text	Louisiana	US	30.8703881	-92.007126	urban	broken,text,description,urban					A WINDOW WITH SIMPLE DESIGN		11	35
broken-10-drawing	broken	broken-10	drawing	Huntington Beach				drawing_response	broken,image,drawing	1vOlnxZ4ZQ6KjKXqMZ-1XQu0YD8DyO8Cg	https://lh3.googleusercontent.com/d/1vOlnxZ4ZQ6KjKXqMZ-1XQu0YD8DyO8Cg=w2200	/images/1vOlnxZ4ZQ6KjKXqMZ-1XQu0YD8DyO8Cg.png	/images/1vOlnxZ4ZQ6KjKXqMZ-1XQu0YD8DyO8Cg.png			11	36
broken-11-image	broken	broken-11	image	Goiânia	BR	-16.680882	-49.2532691	window_photo	broken,image,window	1zgMwMzcrExwy-6SVbkGAFkcKRkVe-CBm	https://lh3.googleusercontent.com/d/1zgMwMzcrExwy-6SVbkGAFkcKRkVe-CBm=w2200	/images/1zgMwMzcrExwy-6SVbkGAFkcKRkVe-CBm.jpg	/images/1zgMwMzcrExwy-6SVbkGAFkcKRkVe-CBm.jpg			12	37
broken-11-text	broken	broken-11	text	Florida	US	27.7567667	-81.4639835	urban	broken,text,description,urban					A window of 2 door glass		12	38
broken-11-drawing	broken	broken-11	drawing	Maidenhead				drawing_response	broken,image,drawing	1AyDXdDyFGCmJTC7GJyC1nU28y8c-vdpQ	https://lh3.googleusercontent.com/d/1AyDXdDyFGCmJTC7GJyC1nU28y8c-vdpQ=w2200	/images/1AyDXdDyFGCmJTC7GJyC1nU28y8c-vdpQ.jpg	/images/1AyDXdDyFGCmJTC7GJyC1nU28y8c-vdpQ.jpg			12	39
windows-9	windows		image	Los Angeles	US	34.0536909	-118.242766	window_photo	windows,image,photo	1a8J6CMYQgqrmcKKEs08aHEQVYKaiQoWS	https://lh3.googleusercontent.com/d/1a8J6CMYQgqrmcKKEs08aHEQVYKaiQoWS=w2200	/images/1a8J6CMYQgqrmcKKEs08aHEQVYKaiQoWS.png	/images/1a8J6CMYQgqrmcKKEs08aHEQVYKaiQoWS.png			13	40
broken-12-image	broken	broken-12	image	Los Angeles	US	34.0536909	-118.242766	window_photo	broken,image,window	1a8J6CMYQgqrmcKKEs08aHEQVYKaiQoWS	https://lh3.googleusercontent.com/d/1a8J6CMYQgqrmcKKEs08aHEQVYKaiQoWS=w2200	/images/1a8J6CMYQgqrmcKKEs08aHEQVYKaiQoWS.png	/images/1a8J6CMYQgqrmcKKEs08aHEQVYKaiQoWS.png			13	41
broken-12-text	broken	broken-12	text	Florida	US	27.7567667	-81.4639835	description	broken,text,description,description					transparent picture of scorpion		13	42
broken-12-drawing	broken	broken-12	drawing	Maidenhead				drawing_response	broken,image,drawing	1hjc9BC8crjUNLX5GiPadQZcdwDQfjOjn	https://lh3.googleusercontent.com/d/1hjc9BC8crjUNLX5GiPadQZcdwDQfjOjn=w2200	/images/1hjc9BC8crjUNLX5GiPadQZcdwDQfjOjn.jpg	/images/1hjc9BC8crjUNLX5GiPadQZcdwDQfjOjn.jpg			13	43
windows-10	windows		image	Albuquerque	US	35.0841034	-106.650985	window_photo	windows,image,photo	1VuGqxy611Pld2WcdkfoptM5ltIG5hkSX	https://lh3.googleusercontent.com/d/1VuGqxy611Pld2WcdkfoptM5ltIG5hkSX=w2200	/images/1VuGqxy611Pld2WcdkfoptM5ltIG5hkSX.jpg	/images/1VuGqxy611Pld2WcdkfoptM5ltIG5hkSX.jpg			14	44
broken-13-image	broken	broken-13	image	Albuquerque	US	35.0841034	-106.650985	window_photo	broken,image,window	1VuGqxy611Pld2WcdkfoptM5ltIG5hkSX	https://lh3.googleusercontent.com/d/1VuGqxy611Pld2WcdkfoptM5ltIG5hkSX=w2200	/images/1VuGqxy611Pld2WcdkfoptM5ltIG5hkSX.jpg	/images/1VuGqxy611Pld2WcdkfoptM5ltIG5hkSX.jpg			14	45
broken-13-text	broken	broken-13	text	Rio de Janeiro	BR	-22.9110137	-43.2093727	urban	broken,text,description,urban					window with security guards		14	46
broken-13-drawing	broken	broken-13	drawing	newyork				drawing_response	broken,image,drawing	1rcCSdOxfIG2vpph8WNuTsw7boZdW_pGr	https://lh3.googleusercontent.com/d/1rcCSdOxfIG2vpph8WNuTsw7boZdW_pGr=w2200	/images/1rcCSdOxfIG2vpph8WNuTsw7boZdW_pGr.png	/images/1rcCSdOxfIG2vpph8WNuTsw7boZdW_pGr.png			14	47
broken-14-image	broken	broken-14	image	Albuquerque	US	35.0841034	-106.650985	window_photo	broken,image,window	1VuGqxy611Pld2WcdkfoptM5ltIG5hkSX	https://lh3.googleusercontent.com/d/1VuGqxy611Pld2WcdkfoptM5ltIG5hkSX=w2200	/images/1VuGqxy611Pld2WcdkfoptM5ltIG5hkSX.jpg	/images/1VuGqxy611Pld2WcdkfoptM5ltIG5hkSX.jpg			15	48
broken-14-text	broken	broken-14	text	Rio de Janeiro	BR	-22.9110137	-43.2093727	urban	broken,text,description,urban					window with security guards		15	49
broken-14-drawing	broken	broken-14	drawing	Varese				drawing_response	broken,image,drawing	194DKQRxbffTH1Smr0czg68-GkPc1-eZa	https://lh3.googleusercontent.com/d/194DKQRxbffTH1Smr0czg68-GkPc1-eZa=w2200	/images/194DKQRxbffTH1Smr0czg68-GkPc1-eZa.jpg	/images/194DKQRxbffTH1Smr0czg68-GkPc1-eZa.jpg			15	50
windows-11	windows		image	Undefined	US	39.7837304	-100.445882	window_photo	windows,image,photo	1M5AWITFCvsSqNXtRBekqrrPrZw-Moni8	https://lh3.googleusercontent.com/d/1M5AWITFCvsSqNXtRBekqrrPrZw-Moni8=w2200	/images/1M5AWITFCvsSqNXtRBekqrrPrZw-Moni8.jpg	/images/1M5AWITFCvsSqNXtRBekqrrPrZw-Moni8.jpg			16	51
broken-15-image	broken	broken-15	image	Undefined	US	39.7837304	-100.445882	window_photo	broken,image,window	1M5AWITFCvsSqNXtRBekqrrPrZw-Moni8	https://lh3.googleusercontent.com/d/1M5AWITFCvsSqNXtRBekqrrPrZw-Moni8=w2200	/images/1M5AWITFCvsSqNXtRBekqrrPrZw-Moni8.jpg	/images/1M5AWITFCvsSqNXtRBekqrrPrZw-Moni8.jpg			16	52
broken-15-text	broken	broken-15	text	Texas	US	31.2638905	-98.5456116	description	broken,text,description,description					Computer modify picture.		16	53
broken-16-image	broken	broken-16	image	Undefined	US	39.7837304	-100.445882	window_photo	broken,image,window	1M5AWITFCvsSqNXtRBekqrrPrZw-Moni8	https://lh3.googleusercontent.com/d/1M5AWITFCvsSqNXtRBekqrrPrZw-Moni8=w2200	/images/1M5AWITFCvsSqNXtRBekqrrPrZw-Moni8.jpg	/images/1M5AWITFCvsSqNXtRBekqrrPrZw-Moni8.jpg			17	54
broken-16-text	broken	broken-16	text	Texas	US	31.2638905	-98.5456116	nature	broken,text,description,nature					it is the natural picture of river with the beautiful clouds and the single tree on small mountain the shade of this cloud and tree was beautiful reflected on river water		17	55
broken-16-drawing	broken	broken-16	drawing	Cagliari				drawing_response	broken,image,drawing	1p_1Tw_-QmU0_R0SbrK-ws2PdME707WKa	https://lh3.googleusercontent.com/d/1p_1Tw_-QmU0_R0SbrK-ws2PdME707WKa=w2200	/images/1p_1Tw_-QmU0_R0SbrK-ws2PdME707WKa.jpg	/images/1p_1Tw_-QmU0_R0SbrK-ws2PdME707WKa.jpg			17	56
broken-17-image	broken	broken-17	image	Undefined	US	39.7837304	-100.445882	window_photo	broken,image,window	1M5AWITFCvsSqNXtRBekqrrPrZw-Moni8	https://lh3.googleusercontent.com/d/1M5AWITFCvsSqNXtRBekqrrPrZw-Moni8=w2200	/images/1M5AWITFCvsSqNXtRBekqrrPrZw-Moni8.jpg	/images/1M5AWITFCvsSqNXtRBekqrrPrZw-Moni8.jpg			18	57
broken-17-text	broken	broken-17	text	Texas	US	31.2638905	-98.5456116	nature	broken,text,description,nature					it is the natural picture of river with the beautiful clouds and the single tree on small mountain the shade of this cloud and tree was beautiful reflected on river water		18	58
broken-17-drawing	broken	broken-17	drawing	Lucknow				drawing_response	broken,image,drawing	1xDVoTWiDIhMIbv3qpuLLhcM5PeajRF8U	https://lh3.googleusercontent.com/d/1xDVoTWiDIhMIbv3qpuLLhcM5PeajRF8U=w2200	/images/1xDVoTWiDIhMIbv3qpuLLhcM5PeajRF8U.jpg	/images/1xDVoTWiDIhMIbv3qpuLLhcM5PeajRF8U.jpg			18	59
windows-12	windows		image	Firenze	IT	43.7698712	11.2555757	window_photo	windows,image,photo	1OEzPALzi_XHePuIg2L6Y0D18wh-Xr8yv	https://lh3.googleusercontent.com/d/1OEzPALzi_XHePuIg2L6Y0D18wh-Xr8yv=w2200	/images/1OEzPALzi_XHePuIg2L6Y0D18wh-Xr8yv.jpg	/images/1OEzPALzi_XHePuIg2L6Y0D18wh-Xr8yv.jpg			19	60
broken-18-image	broken	broken-18	image	Firenze	IT	43.7698712	11.2555757	window_photo	broken,image,window	1OEzPALzi_XHePuIg2L6Y0D18wh-Xr8yv	https://lh3.googleusercontent.com/d/1OEzPALzi_XHePuIg2L6Y0D18wh-Xr8yv=w2200	/images/1OEzPALzi_XHePuIg2L6Y0D18wh-Xr8yv.jpg	/images/1OEzPALzi_XHePuIg2L6Y0D18wh-Xr8yv.jpg			19	61
broken-18-text	broken	broken-18	text	Delaware	US	38.6920451	-75.4013315	nature	broken,text,description,nature					window outside one tree		19	62
broken-18-drawing	broken	broken-18	drawing	New Delhi				drawing_response	broken,image,drawing	1rVbTqUhsrtnJGTruANJlQ6Gx36TdC2oq	https://lh3.googleusercontent.com/d/1rVbTqUhsrtnJGTruANJlQ6Gx36TdC2oq=w2200	/images/1rVbTqUhsrtnJGTruANJlQ6Gx36TdC2oq.jpg	/images/1rVbTqUhsrtnJGTruANJlQ6Gx36TdC2oq.jpg			19	63
broken-19-image	broken	broken-19	image	Firenze	IT	43.7698712	11.2555757	window_photo	broken,image,window	1OEzPALzi_XHePuIg2L6Y0D18wh-Xr8yv	https://lh3.googleusercontent.com/d/1OEzPALzi_XHePuIg2L6Y0D18wh-Xr8yv=w2200	/images/1OEzPALzi_XHePuIg2L6Y0D18wh-Xr8yv.jpg	/images/1OEzPALzi_XHePuIg2L6Y0D18wh-Xr8yv.jpg			20	64
broken-19-text	broken	broken-19	text	United States	US	39.7837304	-100.445882	description	broken,text,description,description					NICE PHOTO		20	65
broken-20-image	broken	broken-20	image	Firenze	IT	43.7698712	11.2555757	window_photo	broken,image,window	1OEzPALzi_XHePuIg2L6Y0D18wh-Xr8yv	https://lh3.googleusercontent.com/d/1OEzPALzi_XHePuIg2L6Y0D18wh-Xr8yv=w2200	/images/1OEzPALzi_XHePuIg2L6Y0D18wh-Xr8yv.jpg	/images/1OEzPALzi_XHePuIg2L6Y0D18wh-Xr8yv.jpg			21	66
broken-20-text	broken	broken-20	text	San Miguel de la Pascana	PE	-14.69387435	-75.11450771	urban	broken,text,description,urban					HOUSE		21	67
windows-13	windows		image	Undefined	CA	50.000678	-86.000977	window_photo	windows,image,photo	11nRchbVeSRgz5qdiT0HFL8Yoo1951lz6	https://lh3.googleusercontent.com/d/11nRchbVeSRgz5qdiT0HFL8Yoo1951lz6=w2200	/images/11nRchbVeSRgz5qdiT0HFL8Yoo1951lz6.jpg	/images/11nRchbVeSRgz5qdiT0HFL8Yoo1951lz6.jpg			22	68
broken-21-image	broken	broken-21	image	Undefined	CA	50.000678	-86.000977	window_photo	broken,image,window	11nRchbVeSRgz5qdiT0HFL8Yoo1951lz6	https://lh3.googleusercontent.com/d/11nRchbVeSRgz5qdiT0HFL8Yoo1951lz6=w2200	/images/11nRchbVeSRgz5qdiT0HFL8Yoo1951lz6.jpg	/images/11nRchbVeSRgz5qdiT0HFL8Yoo1951lz6.jpg			22	69
broken-21-text	broken	broken-21	text	Ponca City	US	36.703647	-97.081898	description	broken,text,description,description					There are two signs on an electrical box. They are advertising top soil that is 3/4 sand and 1/4 gravel. It seems the area is kind of desert looking.		22	70
broken-21-drawing	broken	broken-21	drawing	Cagliari				drawing_response	broken,image,drawing	1SaWeiMV_EGaQPwtQWgxtcEsX9XkPBa2W	https://lh3.googleusercontent.com/d/1SaWeiMV_EGaQPwtQWgxtcEsX9XkPBa2W=w2200	/images/1SaWeiMV_EGaQPwtQWgxtcEsX9XkPBa2W.jpg	/images/1SaWeiMV_EGaQPwtQWgxtcEsX9XkPBa2W.jpg			22	71
broken-22-image	broken	broken-22	image	Undefined	CA	50.000678	-86.000977	window_photo	broken,image,window	11nRchbVeSRgz5qdiT0HFL8Yoo1951lz6	https://lh3.googleusercontent.com/d/11nRchbVeSRgz5qdiT0HFL8Yoo1951lz6=w2200	/images/11nRchbVeSRgz5qdiT0HFL8Yoo1951lz6.jpg	/images/11nRchbVeSRgz5qdiT0HFL8Yoo1951lz6.jpg			23	72
broken-22-text	broken	broken-22	text	California	US	36.2516475	-118.852583	description	broken,text,description,description					YA I SEE THE ONE POST IN THIS PICTURE		23	73
broken-23-image	broken	broken-23	image	Undefined	CA	50.000678	-86.000977	window_photo	broken,image,window	11nRchbVeSRgz5qdiT0HFL8Yoo1951lz6	https://lh3.googleusercontent.com/d/11nRchbVeSRgz5qdiT0HFL8Yoo1951lz6=w2200	/images/11nRchbVeSRgz5qdiT0HFL8Yoo1951lz6.jpg	/images/11nRchbVeSRgz5qdiT0HFL8Yoo1951lz6.jpg			24	74
broken-23-text	broken	broken-23	text	United States	US	39.7837304	-100.445882	description	broken,text,description,description					nice photo		24	75
windows-14	windows		image	Easttown Township	US	40.0492751	-75.4290819	window_photo	windows,image,photo	1tjvWPr8BLX8bQKnPWMv0jQW0KSMkv5HG	https://lh3.googleusercontent.com/d/1tjvWPr8BLX8bQKnPWMv0jQW0KSMkv5HG=w2200	/images/1tjvWPr8BLX8bQKnPWMv0jQW0KSMkv5HG.jpg	/images/1tjvWPr8BLX8bQKnPWMv0jQW0KSMkv5HG.jpg			25	76
broken-24-image	broken	broken-24	image	Easttown Township	US	40.0492751	-75.4290819	window_photo	broken,image,window	1tjvWPr8BLX8bQKnPWMv0jQW0KSMkv5HG	https://lh3.googleusercontent.com/d/1tjvWPr8BLX8bQKnPWMv0jQW0KSMkv5HG=w2200	/images/1tjvWPr8BLX8bQKnPWMv0jQW0KSMkv5HG.jpg	/images/1tjvWPr8BLX8bQKnPWMv0jQW0KSMkv5HG.jpg			25	77
broken-24-text	broken	broken-24	text	Florida	US	27.7567667	-81.4639835	description	broken,text,description,description					Two deer's on the backyard		25	78
broken-24-drawing	broken	broken-24	drawing	TEXARKANA				drawing_response	broken,image,drawing	1QRzNLhUdRdwTjJeeDeMZn8wP4sqkb025	https://lh3.googleusercontent.com/d/1QRzNLhUdRdwTjJeeDeMZn8wP4sqkb025=w2200	/images/1QRzNLhUdRdwTjJeeDeMZn8wP4sqkb025.jpg	/images/1QRzNLhUdRdwTjJeeDeMZn8wP4sqkb025.jpg			25	79
windows-15	windows		image	Chennai	IN	13.0836939	80.270186	window_photo	windows,image,photo	1NQc10oV15AynlYKlnOrgbsmE8Kui0Z9S	https://lh3.googleusercontent.com/d/1NQc10oV15AynlYKlnOrgbsmE8Kui0Z9S=w2200	/images/1NQc10oV15AynlYKlnOrgbsmE8Kui0Z9S.jpg	/images/1NQc10oV15AynlYKlnOrgbsmE8Kui0Z9S.jpg			26	80
broken-25-image	broken	broken-25	image	Chennai	IN	13.0836939	80.270186	window_photo	broken,image,window	1NQc10oV15AynlYKlnOrgbsmE8Kui0Z9S	https://lh3.googleusercontent.com/d/1NQc10oV15AynlYKlnOrgbsmE8Kui0Z9S=w2200	/images/1NQc10oV15AynlYKlnOrgbsmE8Kui0Z9S.jpg	/images/1NQc10oV15AynlYKlnOrgbsmE8Kui0Z9S.jpg			26	81
broken-25-text	broken	broken-25	text	New Jersey	US	40.0757384	-74.4041622	nature	broken,text,description,nature					I see a lady holding her phone and a little girl looking at who ever took the picture and also a couple of buildings and trees.		26	82
broken-25-drawing	broken	broken-25	drawing	Cagliari				drawing_response	broken,image,drawing	1EEcnzLnOoDuYkfEEvqBuEHxkixTSZPSu	https://lh3.googleusercontent.com/d/1EEcnzLnOoDuYkfEEvqBuEHxkixTSZPSu=w2200	/images/1EEcnzLnOoDuYkfEEvqBuEHxkixTSZPSu.jpg	/images/1EEcnzLnOoDuYkfEEvqBuEHxkixTSZPSu.jpg			26	83
windows-16	windows		image	Rochester	US	43.157285	-77.615214	window_photo	windows,image,photo	1EORwtND0V9uzDqDjRFL3LN8oKCgTTpMW	https://lh3.googleusercontent.com/d/1EORwtND0V9uzDqDjRFL3LN8oKCgTTpMW=w2200	/images/1EORwtND0V9uzDqDjRFL3LN8oKCgTTpMW.jpg	/images/1EORwtND0V9uzDqDjRFL3LN8oKCgTTpMW.jpg			27	84
broken-26-image	broken	broken-26	image	Rochester	US	43.157285	-77.615214	window_photo	broken,image,window	1EORwtND0V9uzDqDjRFL3LN8oKCgTTpMW	https://lh3.googleusercontent.com/d/1EORwtND0V9uzDqDjRFL3LN8oKCgTTpMW=w2200	/images/1EORwtND0V9uzDqDjRFL3LN8oKCgTTpMW.jpg	/images/1EORwtND0V9uzDqDjRFL3LN8oKCgTTpMW.jpg			27	85
broken-26-text	broken	broken-26	text	Texas	US	31.2638905	-98.5456116	nature	broken,text,description,nature					I see the city garden.		27	86
broken-26-drawing	broken	broken-26	drawing	WI				drawing_response	broken,image,drawing	1-9nuIcSCI13-_Jn0Oi3umEpma33r76KR	https://lh3.googleusercontent.com/d/1-9nuIcSCI13-_Jn0Oi3umEpma33r76KR=w2200	/images/1-9nuIcSCI13-_Jn0Oi3umEpma33r76KR.jpg	/images/1-9nuIcSCI13-_Jn0Oi3umEpma33r76KR.jpg			27	87
windows-17	windows		image	Ciudad de México	MX	19.4326296	-99.1331785	window_photo	windows,image,photo	10fQh7qRdBJds4Of6GFlGzZpUSrLu2DbO	https://lh3.googleusercontent.com/d/10fQh7qRdBJds4Of6GFlGzZpUSrLu2DbO=w2200	/images/10fQh7qRdBJds4Of6GFlGzZpUSrLu2DbO.jpg	/images/10fQh7qRdBJds4Of6GFlGzZpUSrLu2DbO.jpg			28	88
broken-27-image	broken	broken-27	image	Ciudad de México	MX	19.4326296	-99.1331785	window_photo	broken,image,window	10fQh7qRdBJds4Of6GFlGzZpUSrLu2DbO	https://lh3.googleusercontent.com/d/10fQh7qRdBJds4Of6GFlGzZpUSrLu2DbO=w2200	/images/10fQh7qRdBJds4Of6GFlGzZpUSrLu2DbO.jpg	/images/10fQh7qRdBJds4Of6GFlGzZpUSrLu2DbO.jpg			28	89
broken-27-text	broken	broken-27	text	India	IN	22.3511148	78.6677428	water	broken,text,description,water					i think it very cool place and winter season time of this area.		28	90
windows-18	windows		image	Ignace Township	CA	49.41276	-91.654816	window_photo	windows,image,photo	1u3A8twUC_MlAnDQnbxlW0bMWOk1aRJ2I	https://lh3.googleusercontent.com/d/1u3A8twUC_MlAnDQnbxlW0bMWOk1aRJ2I=w2200	/images/1u3A8twUC_MlAnDQnbxlW0bMWOk1aRJ2I.jpg	/images/1u3A8twUC_MlAnDQnbxlW0bMWOk1aRJ2I.jpg			29	91
broken-28-image	broken	broken-28	image	Ignace Township	CA	49.41276	-91.654816	window_photo	broken,image,window	1u3A8twUC_MlAnDQnbxlW0bMWOk1aRJ2I	https://lh3.googleusercontent.com/d/1u3A8twUC_MlAnDQnbxlW0bMWOk1aRJ2I=w2200	/images/1u3A8twUC_MlAnDQnbxlW0bMWOk1aRJ2I.jpg	/images/1u3A8twUC_MlAnDQnbxlW0bMWOk1aRJ2I.jpg			29	92
broken-28-text	broken	broken-28	text	Arizona	US	34.395342	-111.763275	nature	broken,text,description,nature					I SEE THE SHOP AND WHITECAR AND PARKING		29	93
broken-28-drawing	broken	broken-28	drawing	Huntington Beach				drawing_response	broken,image,drawing	1W78xa0i2hI8MxrnPWfiNdASYhXcrpfI5	https://lh3.googleusercontent.com/d/1W78xa0i2hI8MxrnPWfiNdASYhXcrpfI5=w2200	/images/1W78xa0i2hI8MxrnPWfiNdASYhXcrpfI5.png	/images/1W78xa0i2hI8MxrnPWfiNdASYhXcrpfI5.png			29	94
windows-19	windows		image	Quitman	US	32.7957722	-95.4518285	window_photo	windows,image,photo	1JVy6R6vgXn9fQaOq4UGhvGNMVXy1wCGp	https://lh3.googleusercontent.com/d/1JVy6R6vgXn9fQaOq4UGhvGNMVXy1wCGp=w2200	/images/1JVy6R6vgXn9fQaOq4UGhvGNMVXy1wCGp.jpg	/images/1JVy6R6vgXn9fQaOq4UGhvGNMVXy1wCGp.jpg			30	95
broken-29-image	broken	broken-29	image	Quitman	US	32.7957722	-95.4518285	window_photo	broken,image,window	1JVy6R6vgXn9fQaOq4UGhvGNMVXy1wCGp	https://lh3.googleusercontent.com/d/1JVy6R6vgXn9fQaOq4UGhvGNMVXy1wCGp=w2200	/images/1JVy6R6vgXn9fQaOq4UGhvGNMVXy1wCGp.jpg	/images/1JVy6R6vgXn9fQaOq4UGhvGNMVXy1wCGp.jpg			30	96
broken-29-text	broken	broken-29	text	Rio de Janeiro	BR	-22.9110137	-43.2093727	urban	broken,text,description,urban					a quiet place with a quiet house and a lawn in front		30	97
windows-20	windows		image	Miracampo	CO	4.8864481	-75.7051166	window_photo	windows,image,photo	1p6zzLXMyJGIx3DvjXXdXjKZhpWdzJq6-	https://lh3.googleusercontent.com/d/1p6zzLXMyJGIx3DvjXXdXjKZhpWdzJq6-=w2200	/images/1p6zzLXMyJGIx3DvjXXdXjKZhpWdzJq6-.jpg	/images/1p6zzLXMyJGIx3DvjXXdXjKZhpWdzJq6-.jpg			31	98
broken-30-image	broken	broken-30	image	Miracampo	CO	4.8864481	-75.7051166	window_photo	broken,image,window	1p6zzLXMyJGIx3DvjXXdXjKZhpWdzJq6-	https://lh3.googleusercontent.com/d/1p6zzLXMyJGIx3DvjXXdXjKZhpWdzJq6-=w2200	/images/1p6zzLXMyJGIx3DvjXXdXjKZhpWdzJq6-.jpg	/images/1p6zzLXMyJGIx3DvjXXdXjKZhpWdzJq6-.jpg			31	99
broken-30-text	broken	broken-30	text	Arizona	US	34.395342	-111.763275	urban	broken,text,description,urban					I SEE IN THE PHOT IS WINDOW AND CHAIR AND SOFA		31	100
windows-21	windows		image	Pittsburgh	US	40.4416941	-79.9900861	window_photo	windows,image,photo	11mzdP_gPW0tcC2lhPjIHEzD7WyUTbrMB	https://lh3.googleusercontent.com/d/11mzdP_gPW0tcC2lhPjIHEzD7WyUTbrMB=w2200	/images/11mzdP_gPW0tcC2lhPjIHEzD7WyUTbrMB.jpg	/images/11mzdP_gPW0tcC2lhPjIHEzD7WyUTbrMB.jpg			32	101
broken-31-image	broken	broken-31	image	Pittsburgh	US	40.4416941	-79.9900861	window_photo	broken,image,window	11mzdP_gPW0tcC2lhPjIHEzD7WyUTbrMB	https://lh3.googleusercontent.com/d/11mzdP_gPW0tcC2lhPjIHEzD7WyUTbrMB=w2200	/images/11mzdP_gPW0tcC2lhPjIHEzD7WyUTbrMB.jpg	/images/11mzdP_gPW0tcC2lhPjIHEzD7WyUTbrMB.jpg			32	102
broken-31-text	broken	broken-31	text	Florida	US	27.7567667	-81.4639835	urban	broken,text,description,urban					Backyard of a house with a table and chairs		32	103
broken-31-drawing	broken	broken-31	drawing	athens				drawing_response	broken,image,drawing	1HlVMsREkpwAZQSfBB66sbIKlGgSHY63P	https://lh3.googleusercontent.com/d/1HlVMsREkpwAZQSfBB66sbIKlGgSHY63P=w2200	/images/1HlVMsREkpwAZQSfBB66sbIKlGgSHY63P.jpg	/images/1HlVMsREkpwAZQSfBB66sbIKlGgSHY63P.jpg			32	104
windows-22	windows		image	Praia Grande	BR	-24.005833	-46.402778	window_photo	windows,image,photo	1xUb-AgBM7zcBDly8_7UyOb2xzqg4j5-t	https://lh3.googleusercontent.com/d/1xUb-AgBM7zcBDly8_7UyOb2xzqg4j5-t=w2200	/images/1xUb-AgBM7zcBDly8_7UyOb2xzqg4j5-t.jpg	/images/1xUb-AgBM7zcBDly8_7UyOb2xzqg4j5-t.jpg			33	105
broken-32-image	broken	broken-32	image	Praia Grande	BR	-24.005833	-46.402778	window_photo	broken,image,window	1xUb-AgBM7zcBDly8_7UyOb2xzqg4j5-t	https://lh3.googleusercontent.com/d/1xUb-AgBM7zcBDly8_7UyOb2xzqg4j5-t=w2200	/images/1xUb-AgBM7zcBDly8_7UyOb2xzqg4j5-t.jpg	/images/1xUb-AgBM7zcBDly8_7UyOb2xzqg4j5-t.jpg			33	106
broken-32-text	broken	broken-32	text	Chennai	IN	13.0836939	80.270186	urban	broken,text,description,urban					appartment window view is very nice		33	107
broken-32-drawing	broken	broken-32	drawing	bradford				drawing_response	broken,image,drawing	1A997rMZVJA7zCYsNzu7JRk_v0oa1ntjp	https://lh3.googleusercontent.com/d/1A997rMZVJA7zCYsNzu7JRk_v0oa1ntjp=w2200	/images/1A997rMZVJA7zCYsNzu7JRk_v0oa1ntjp.jpg	/images/1A997rMZVJA7zCYsNzu7JRk_v0oa1ntjp.jpg			33	108
windows-23	windows		image	Undefined	US	34.1284842	-80.8548092	window_photo	windows,image,photo	1PlNf4xliVqG7H7BYGzWtH1vT27-1jUfq	https://lh3.googleusercontent.com/d/1PlNf4xliVqG7H7BYGzWtH1vT27-1jUfq=w2200	/images/1PlNf4xliVqG7H7BYGzWtH1vT27-1jUfq.jpg	/images/1PlNf4xliVqG7H7BYGzWtH1vT27-1jUfq.jpg			34	109
broken-33-image	broken	broken-33	image	Undefined	US	34.1284842	-80.8548092	window_photo	broken,image,window	1PlNf4xliVqG7H7BYGzWtH1vT27-1jUfq	https://lh3.googleusercontent.com/d/1PlNf4xliVqG7H7BYGzWtH1vT27-1jUfq=w2200	/images/1PlNf4xliVqG7H7BYGzWtH1vT27-1jUfq.jpg	/images/1PlNf4xliVqG7H7BYGzWtH1vT27-1jUfq.jpg			34	110
broken-34-image	broken	broken-34	image	Undefined	US	34.1284842	-80.8548092	window_photo	broken,image,window	1PlNf4xliVqG7H7BYGzWtH1vT27-1jUfq	https://lh3.googleusercontent.com/d/1PlNf4xliVqG7H7BYGzWtH1vT27-1jUfq=w2200	/images/1PlNf4xliVqG7H7BYGzWtH1vT27-1jUfq.jpg	/images/1PlNf4xliVqG7H7BYGzWtH1vT27-1jUfq.jpg			36	111
broken-34-text	broken	broken-34	text	United States	US	39.7837304	-100.445882	description	broken,text,description,description					NICE PHOTO		36	112
windows-24	windows		image	Wilkesboro	US	36.145965	-81.1606401	window_photo	windows,image,photo	1Er4_gRgjhvsaBK4bl6o_UeWqKlGGiE1O	https://lh3.googleusercontent.com/d/1Er4_gRgjhvsaBK4bl6o_UeWqKlGGiE1O=w2200	/images/1Er4_gRgjhvsaBK4bl6o_UeWqKlGGiE1O.jpg	/images/1Er4_gRgjhvsaBK4bl6o_UeWqKlGGiE1O.jpg			37	113
broken-35-image	broken	broken-35	image	Wilkesboro	US	36.145965	-81.1606401	window_photo	broken,image,window	1Er4_gRgjhvsaBK4bl6o_UeWqKlGGiE1O	https://lh3.googleusercontent.com/d/1Er4_gRgjhvsaBK4bl6o_UeWqKlGGiE1O=w2200	/images/1Er4_gRgjhvsaBK4bl6o_UeWqKlGGiE1O.jpg	/images/1Er4_gRgjhvsaBK4bl6o_UeWqKlGGiE1O.jpg			37	114
broken-35-text	broken	broken-35	text	Ocala	US	29.1871986	-82.1400923	nature	broken,text,description,nature					I am seeing a worn back porch rail with a chain and short drying. I see a clearing and then a grove of thick trees. The view is speckled with rain drops on the lens of the camera. It is overcast this day.		37	115
broken-35-drawing	broken	broken-35	drawing	BRAZIL				drawing_response	broken,image,drawing	1V_KJh0vtwPcUqXThYJZctYYLag1Ms94w	https://lh3.googleusercontent.com/d/1V_KJh0vtwPcUqXThYJZctYYLag1Ms94w=w2200	/images/1V_KJh0vtwPcUqXThYJZctYYLag1Ms94w.jpg	/images/1V_KJh0vtwPcUqXThYJZctYYLag1Ms94w.jpg			37	116
broken-36-image	broken	broken-36	image	Wilkesboro	US	36.145965	-81.1606401	window_photo	broken,image,window	1Er4_gRgjhvsaBK4bl6o_UeWqKlGGiE1O	https://lh3.googleusercontent.com/d/1Er4_gRgjhvsaBK4bl6o_UeWqKlGGiE1O=w2200	/images/1Er4_gRgjhvsaBK4bl6o_UeWqKlGGiE1O.jpg	/images/1Er4_gRgjhvsaBK4bl6o_UeWqKlGGiE1O.jpg			38	117
broken-36-text	broken	broken-36	text	Texas	US	31.2638905	-98.5456116	nature	broken,text,description,nature					garden		38	118
broken-37-image	broken	broken-37	image	Wilkesboro	US	36.145965	-81.1606401	window_photo	broken,image,window	1Er4_gRgjhvsaBK4bl6o_UeWqKlGGiE1O	https://lh3.googleusercontent.com/d/1Er4_gRgjhvsaBK4bl6o_UeWqKlGGiE1O=w2200	/images/1Er4_gRgjhvsaBK4bl6o_UeWqKlGGiE1O.jpg	/images/1Er4_gRgjhvsaBK4bl6o_UeWqKlGGiE1O.jpg			39	119
broken-37-text	broken	broken-37	text	Ohio	US	40.2253569	-82.6881395	description	broken,text,description,description					it is a natural place		39	120
windows-25	windows		image	Coimbatore	IN	11.0018115	76.9628425	window_photo	windows,image,photo	1ajp_rW0tWwkj_6Sq0q9-C2oDOPW-SOpd	https://lh3.googleusercontent.com/d/1ajp_rW0tWwkj_6Sq0q9-C2oDOPW-SOpd=w2200	/images/1ajp_rW0tWwkj_6Sq0q9-C2oDOPW-SOpd.jpg	/images/1ajp_rW0tWwkj_6Sq0q9-C2oDOPW-SOpd.jpg			40	121
broken-38-image	broken	broken-38	image	Coimbatore	IN	11.0018115	76.9628425	window_photo	broken,image,window	1ajp_rW0tWwkj_6Sq0q9-C2oDOPW-SOpd	https://lh3.googleusercontent.com/d/1ajp_rW0tWwkj_6Sq0q9-C2oDOPW-SOpd=w2200	/images/1ajp_rW0tWwkj_6Sq0q9-C2oDOPW-SOpd.jpg	/images/1ajp_rW0tWwkj_6Sq0q9-C2oDOPW-SOpd.jpg			40	122
broken-38-text	broken	broken-38	text	Louisiana	US	30.8703881	-92.007126	nature	broken,text,description,nature					I SEE THE NATURE AND SAND WITH THE BEAUTY OF WINDMILL.		40	123
broken-38-drawing	broken	broken-38	drawing	texas				drawing_response	broken,image,drawing	11WRByORXPCst7oF5z1gmUJTrSohPIQz6	https://lh3.googleusercontent.com/d/11WRByORXPCst7oF5z1gmUJTrSohPIQz6=w2200	/images/11WRByORXPCst7oF5z1gmUJTrSohPIQz6.jpg	/images/11WRByORXPCst7oF5z1gmUJTrSohPIQz6.jpg			40	124
windows-26	windows		image	Coimbatore	IN	11.0018115	76.9628425	window_photo	windows,image,photo	1udQ58brOQr-u1zRYxOTvcn2XLs4gfanl	https://lh3.googleusercontent.com/d/1udQ58brOQr-u1zRYxOTvcn2XLs4gfanl=w2200	/images/1udQ58brOQr-u1zRYxOTvcn2XLs4gfanl.jpg	/images/1udQ58brOQr-u1zRYxOTvcn2XLs4gfanl.jpg			41	125
broken-39-image	broken	broken-39	image	Coimbatore	IN	11.0018115	76.9628425	window_photo	broken,image,window	1udQ58brOQr-u1zRYxOTvcn2XLs4gfanl	https://lh3.googleusercontent.com/d/1udQ58brOQr-u1zRYxOTvcn2XLs4gfanl=w2200	/images/1udQ58brOQr-u1zRYxOTvcn2XLs4gfanl.jpg	/images/1udQ58brOQr-u1zRYxOTvcn2XLs4gfanl.jpg			41	126
broken-39-text	broken	broken-39	text	Alaska	US	64.4459613	-149.680909	description	broken,text,description,description					THE EMPTY FARM LAND AND SOME AIR WINDS		41	127
broken-39-drawing	broken	broken-39	drawing	Niterói - Rio de Janeiro - Brazil				drawing_response	broken,image,drawing	1qj49rK25-qmepFya75yRyS877OKttO-B	https://lh3.googleusercontent.com/d/1qj49rK25-qmepFya75yRyS877OKttO-B=w2200	/images/1qj49rK25-qmepFya75yRyS877OKttO-B.jpg	/images/1qj49rK25-qmepFya75yRyS877OKttO-B.jpg			41	128
windows-27	windows		image	Ignace Township	CA	49.41276	-91.654816	window_photo	windows,image,photo	1UMOC31lVNK34ny_BoxjoxPWX1Q1GpSsd	https://lh3.googleusercontent.com/d/1UMOC31lVNK34ny_BoxjoxPWX1Q1GpSsd=w2200	/images/1UMOC31lVNK34ny_BoxjoxPWX1Q1GpSsd.jpg	/images/1UMOC31lVNK34ny_BoxjoxPWX1Q1GpSsd.jpg			42	129
broken-40-image	broken	broken-40	image	Ignace Township	CA	49.41276	-91.654816	window_photo	broken,image,window	1UMOC31lVNK34ny_BoxjoxPWX1Q1GpSsd	https://lh3.googleusercontent.com/d/1UMOC31lVNK34ny_BoxjoxPWX1Q1GpSsd=w2200	/images/1UMOC31lVNK34ny_BoxjoxPWX1Q1GpSsd.jpg	/images/1UMOC31lVNK34ny_BoxjoxPWX1Q1GpSsd.jpg			42	130
broken-40-text	broken	broken-40	text	United States	US	39.7837304	-100.445882	urban	broken,text,description,urban					ONE HOUSE, ONE VICHELE AND TABLE		42	131
windows-28	windows		image	Bellevue	US	47.6144219	-122.192337	window_photo	windows,image,photo	1MtkaMoZGnGmC7tOauKmnyd8VddmWLTHy	https://lh3.googleusercontent.com/d/1MtkaMoZGnGmC7tOauKmnyd8VddmWLTHy=w2200	/images/1MtkaMoZGnGmC7tOauKmnyd8VddmWLTHy.jpg	/images/1MtkaMoZGnGmC7tOauKmnyd8VddmWLTHy.jpg			43	132
broken-41-image	broken	broken-41	image	Bellevue	US	47.6144219	-122.192337	window_photo	broken,image,window	1MtkaMoZGnGmC7tOauKmnyd8VddmWLTHy	https://lh3.googleusercontent.com/d/1MtkaMoZGnGmC7tOauKmnyd8VddmWLTHy=w2200	/images/1MtkaMoZGnGmC7tOauKmnyd8VddmWLTHy.jpg	/images/1MtkaMoZGnGmC7tOauKmnyd8VddmWLTHy.jpg			43	133
broken-41-text	broken	broken-41	text	Louisiana	US	30.8703881	-92.007126	nature	broken,text,description,nature					A BEAUTIFUL VIEW OF GARDEN WITH REST PLACE AND A DOG HOUSE		43	134
broken-41-drawing	broken	broken-41	drawing	kernersville				drawing_response	broken,image,drawing	1a_donpwhqLAosW-bjiUGC3VfKHjDmlDZ	https://lh3.googleusercontent.com/d/1a_donpwhqLAosW-bjiUGC3VfKHjDmlDZ=w2200	/images/1a_donpwhqLAosW-bjiUGC3VfKHjDmlDZ.jpg	/images/1a_donpwhqLAosW-bjiUGC3VfKHjDmlDZ.jpg			43	135
broken-42-image	broken	broken-42	image	Bellevue	US	47.6144219	-122.192337	window_photo	broken,image,window	1MtkaMoZGnGmC7tOauKmnyd8VddmWLTHy	https://lh3.googleusercontent.com/d/1MtkaMoZGnGmC7tOauKmnyd8VddmWLTHy=w2200	/images/1MtkaMoZGnGmC7tOauKmnyd8VddmWLTHy.jpg	/images/1MtkaMoZGnGmC7tOauKmnyd8VddmWLTHy.jpg			44	136
broken-42-text	broken	broken-42	text	Indiana	US	40.3270127	-86.1746933	urban	broken,text,description,urban					backyard of a house		44	137
broken-42-drawing	broken	broken-42	drawing	Sandersville				drawing_response	broken,image,drawing	1g6CqILVFX42tPgRgQSCdGN1WMN0f9WAY	https://lh3.googleusercontent.com/d/1g6CqILVFX42tPgRgQSCdGN1WMN0f9WAY=w2200	/images/1g6CqILVFX42tPgRgQSCdGN1WMN0f9WAY.jpg	/images/1g6CqILVFX42tPgRgQSCdGN1WMN0f9WAY.jpg			44	138
windows-29	windows		image	Undefined	US	37.0558643	-96.7683629	window_photo	windows,image,photo	1299XG3NCVrWOZJwl7A8A0vqsytNbCEtl	https://lh3.googleusercontent.com/d/1299XG3NCVrWOZJwl7A8A0vqsytNbCEtl=w2200	/images/1299XG3NCVrWOZJwl7A8A0vqsytNbCEtl.jpg	/images/1299XG3NCVrWOZJwl7A8A0vqsytNbCEtl.jpg			45	139
broken-43-image	broken	broken-43	image	Undefined	US	37.0558643	-96.7683629	window_photo	broken,image,window	1299XG3NCVrWOZJwl7A8A0vqsytNbCEtl	https://lh3.googleusercontent.com/d/1299XG3NCVrWOZJwl7A8A0vqsytNbCEtl=w2200	/images/1299XG3NCVrWOZJwl7A8A0vqsytNbCEtl.jpg	/images/1299XG3NCVrWOZJwl7A8A0vqsytNbCEtl.jpg			45	140
broken-43-text	broken	broken-43	text	California	US	36.7014631	-118.755997	urban	broken,text,description,urban					I'm looking window side view of out side of home		45	141
broken-43-drawing	broken	broken-43	drawing	Florence				drawing_response	broken,image,drawing	1oXskT-FAOcTe1axj0xNIG0JecO50rC71	https://lh3.googleusercontent.com/d/1oXskT-FAOcTe1axj0xNIG0JecO50rC71=w2200	/images/1oXskT-FAOcTe1axj0xNIG0JecO50rC71.jpg	/images/1oXskT-FAOcTe1axj0xNIG0JecO50rC71.jpg			45	142
windows-30	windows		image	Sheffield	GB	53.3806626	-1.4702278	window_photo	windows,image,photo	1LgXral86SFfCX-Hd-PjezrjtAd3ACniJ	https://lh3.googleusercontent.com/d/1LgXral86SFfCX-Hd-PjezrjtAd3ACniJ=w2200	/images/1LgXral86SFfCX-Hd-PjezrjtAd3ACniJ.jpg	/images/1LgXral86SFfCX-Hd-PjezrjtAd3ACniJ.jpg			46	143
broken-44-image	broken	broken-44	image	Sheffield	GB	53.3806626	-1.4702278	window_photo	broken,image,window	1LgXral86SFfCX-Hd-PjezrjtAd3ACniJ	https://lh3.googleusercontent.com/d/1LgXral86SFfCX-Hd-PjezrjtAd3ACniJ=w2200	/images/1LgXral86SFfCX-Hd-PjezrjtAd3ACniJ.jpg	/images/1LgXral86SFfCX-Hd-PjezrjtAd3ACniJ.jpg			46	144
broken-44-text	broken	broken-44	text	Louisiana	US	30.8703881	-92.007126	nature	broken,text,description,nature					i see more cars,a road ,trees from a building.		46	145
broken-44-drawing	broken	broken-44	drawing	Hemet				drawing_response	broken,image,drawing	1UxrfB-A-x31alvCBd-96MePTzaByQK2q	https://lh3.googleusercontent.com/d/1UxrfB-A-x31alvCBd-96MePTzaByQK2q=w2200	/images/1UxrfB-A-x31alvCBd-96MePTzaByQK2q.jpg	/images/1UxrfB-A-x31alvCBd-96MePTzaByQK2q.jpg			46	146
windows-31	windows		image	Kochi	IN	9.931308	76.2674136	window_photo	windows,image,photo	1EpIQoH4rCnuh5UXyCaqC_0JDYuRm3CFt	https://lh3.googleusercontent.com/d/1EpIQoH4rCnuh5UXyCaqC_0JDYuRm3CFt=w2200	/images/1EpIQoH4rCnuh5UXyCaqC_0JDYuRm3CFt.jpg	/images/1EpIQoH4rCnuh5UXyCaqC_0JDYuRm3CFt.jpg			47	147
broken-45-image	broken	broken-45	image	Kochi	IN	9.931308	76.2674136	window_photo	broken,image,window	1EpIQoH4rCnuh5UXyCaqC_0JDYuRm3CFt	https://lh3.googleusercontent.com/d/1EpIQoH4rCnuh5UXyCaqC_0JDYuRm3CFt=w2200	/images/1EpIQoH4rCnuh5UXyCaqC_0JDYuRm3CFt.jpg	/images/1EpIQoH4rCnuh5UXyCaqC_0JDYuRm3CFt.jpg			47	148
broken-45-text	broken	broken-45	text	Los Angeles	US	34.1689295	-118.536567	urban	broken,text,description,urban					it is a window and outside of the window are greenish		47	149
broken-45-drawing	broken	broken-45	drawing	INDIANAPOLIS				drawing_response	broken,image,drawing	1jKyVc7JZB0k0Kzqg7I862_AJTbcRNda1	https://lh3.googleusercontent.com/d/1jKyVc7JZB0k0Kzqg7I862_AJTbcRNda1=w2200	/images/1jKyVc7JZB0k0Kzqg7I862_AJTbcRNda1.jpg	/images/1jKyVc7JZB0k0Kzqg7I862_AJTbcRNda1.jpg			47	150
windows-32	windows		image	Bengaluru	IN	12.9767936	77.590082	window_photo	windows,image,photo	1JxBbbq6cX0ocecYSo0TuO7ygumarD5XH	https://lh3.googleusercontent.com/d/1JxBbbq6cX0ocecYSo0TuO7ygumarD5XH=w2200	/images/1JxBbbq6cX0ocecYSo0TuO7ygumarD5XH.jpg	/images/1JxBbbq6cX0ocecYSo0TuO7ygumarD5XH.jpg			48	151
broken-46-image	broken	broken-46	image	Bengaluru	IN	12.9767936	77.590082	window_photo	broken,image,window	1JxBbbq6cX0ocecYSo0TuO7ygumarD5XH	https://lh3.googleusercontent.com/d/1JxBbbq6cX0ocecYSo0TuO7ygumarD5XH=w2200	/images/1JxBbbq6cX0ocecYSo0TuO7ygumarD5XH.jpg	/images/1JxBbbq6cX0ocecYSo0TuO7ygumarD5XH.jpg			48	152
broken-46-text	broken	broken-46	text	Rio de Janeiro	BR	-22.9110137	-43.2093727	nature	broken,text,description,nature					a house with a tree in front		48	153
windows-33	windows		image	Potsdam	DE	52.4009309	13.0591397	window_photo	windows,image,photo	14PpjTCX7iBgJalYYutynVvYJPNIV3cmb	https://lh3.googleusercontent.com/d/14PpjTCX7iBgJalYYutynVvYJPNIV3cmb=w2200	/images/14PpjTCX7iBgJalYYutynVvYJPNIV3cmb.jpg	/images/14PpjTCX7iBgJalYYutynVvYJPNIV3cmb.jpg			49	154
broken-47-image	broken	broken-47	image	Potsdam	DE	52.4009309	13.0591397	window_photo	broken,image,window	14PpjTCX7iBgJalYYutynVvYJPNIV3cmb	https://lh3.googleusercontent.com/d/14PpjTCX7iBgJalYYutynVvYJPNIV3cmb=w2200	/images/14PpjTCX7iBgJalYYutynVvYJPNIV3cmb.jpg	/images/14PpjTCX7iBgJalYYutynVvYJPNIV3cmb.jpg			49	155
broken-47-text	broken	broken-47	text	Delaware	US	38.6920451	-75.4013315	urban	broken,text,description,urban					window outside one cloths rope hanger see		49	156
broken-47-drawing	broken	broken-47	drawing	east hampton				drawing_response	broken,image,drawing	1VBJh2LYlG4lVkyZ9HET-SFfC37X4t93M	https://lh3.googleusercontent.com/d/1VBJh2LYlG4lVkyZ9HET-SFfC37X4t93M=w2200	/images/1VBJh2LYlG4lVkyZ9HET-SFfC37X4t93M.jpg	/images/1VBJh2LYlG4lVkyZ9HET-SFfC37X4t93M.jpg			49	157
windows-34	windows		image	Richmond	US	37.5385087	-77.43428	window_photo	windows,image,photo	1JIYfnM00ZdUkmtNjkVrAl2wUaMLZ_KT_	https://lh3.googleusercontent.com/d/1JIYfnM00ZdUkmtNjkVrAl2wUaMLZ_KT_=w2200	/images/1JIYfnM00ZdUkmtNjkVrAl2wUaMLZ_KT_.jpg	/images/1JIYfnM00ZdUkmtNjkVrAl2wUaMLZ_KT_.jpg			50	158
broken-48-image	broken	broken-48	image	Richmond	US	37.5385087	-77.43428	window_photo	broken,image,window	1JIYfnM00ZdUkmtNjkVrAl2wUaMLZ_KT_	https://lh3.googleusercontent.com/d/1JIYfnM00ZdUkmtNjkVrAl2wUaMLZ_KT_=w2200	/images/1JIYfnM00ZdUkmtNjkVrAl2wUaMLZ_KT_.jpg	/images/1JIYfnM00ZdUkmtNjkVrAl2wUaMLZ_KT_.jpg			50	159
broken-48-text	broken	broken-48	text	Chennai	IN	13.0836939	80.270186	description	broken,text,description,description					i think this area un used for one or two months		50	160
broken-48-drawing	broken	broken-48	drawing	Martinsville				drawing_response	broken,image,drawing	1npwvfYBskyr896wLP1tvD8R1B6caYJxI	https://lh3.googleusercontent.com/d/1npwvfYBskyr896wLP1tvD8R1B6caYJxI=w2200	/images/1npwvfYBskyr896wLP1tvD8R1B6caYJxI.jpg	/images/1npwvfYBskyr896wLP1tvD8R1B6caYJxI.jpg			50	161
windows-35	windows		image	Undefined	BG	41.750287	23.4873411	window_photo	windows,image,photo	1zmxo5SHWPGMVw8yoDFWfmVbLxcIoYAa9	https://lh3.googleusercontent.com/d/1zmxo5SHWPGMVw8yoDFWfmVbLxcIoYAa9=w2200	/images/1zmxo5SHWPGMVw8yoDFWfmVbLxcIoYAa9.jpg	/images/1zmxo5SHWPGMVw8yoDFWfmVbLxcIoYAa9.jpg			51	162
broken-49-image	broken	broken-49	image	Undefined	BG	41.750287	23.4873411	window_photo	broken,image,window	1zmxo5SHWPGMVw8yoDFWfmVbLxcIoYAa9	https://lh3.googleusercontent.com/d/1zmxo5SHWPGMVw8yoDFWfmVbLxcIoYAa9=w2200	/images/1zmxo5SHWPGMVw8yoDFWfmVbLxcIoYAa9.jpg	/images/1zmxo5SHWPGMVw8yoDFWfmVbLxcIoYAa9.jpg			51	163
broken-49-text	broken	broken-49	text	Rio de Janeiro	BR	-22.9110137	-43.2093727	urban	broken,text,description,urban					some roofs of a house with the sun beating down		51	164
broken-49-drawing	broken	broken-49	drawing	Cagliari				drawing_response	broken,image,drawing	1lX5ZXj-C-wy13uZj33Arpbjb1jtMSZpa	https://lh3.googleusercontent.com/d/1lX5ZXj-C-wy13uZj33Arpbjb1jtMSZpa=w2200	/images/1lX5ZXj-C-wy13uZj33Arpbjb1jtMSZpa.jpg	/images/1lX5ZXj-C-wy13uZj33Arpbjb1jtMSZpa.jpg			51	165
windows-36	windows		image	Lakeland	US	28.0394654	-81.9498042	window_photo	windows,image,photo	169EsziZYkr9KYYLX8QEnnHpkISHoGHgW	https://lh3.googleusercontent.com/d/169EsziZYkr9KYYLX8QEnnHpkISHoGHgW=w2200	/images/169EsziZYkr9KYYLX8QEnnHpkISHoGHgW.jpg	/images/169EsziZYkr9KYYLX8QEnnHpkISHoGHgW.jpg			52	166
broken-50-image	broken	broken-50	image	Lakeland	US	28.0394654	-81.9498042	window_photo	broken,image,window	169EsziZYkr9KYYLX8QEnnHpkISHoGHgW	https://lh3.googleusercontent.com/d/169EsziZYkr9KYYLX8QEnnHpkISHoGHgW=w2200	/images/169EsziZYkr9KYYLX8QEnnHpkISHoGHgW.jpg	/images/169EsziZYkr9KYYLX8QEnnHpkISHoGHgW.jpg			52	167
broken-50-text	broken	broken-50	text	United States	US	39.7837304	-100.445882	nature	broken,text,description,nature					car parking area		52	168
broken-51-image	broken	broken-51	image	Lakeland	US	28.0394654	-81.9498042	window_photo	broken,image,window	169EsziZYkr9KYYLX8QEnnHpkISHoGHgW	https://lh3.googleusercontent.com/d/169EsziZYkr9KYYLX8QEnnHpkISHoGHgW=w2200	/images/169EsziZYkr9KYYLX8QEnnHpkISHoGHgW.jpg	/images/169EsziZYkr9KYYLX8QEnnHpkISHoGHgW.jpg			53	169
broken-51-text	broken	broken-51	text	Gary	US	41.6020962	-87.3370647	nature	broken,text,description,nature					it a car parking		53	170
windows-37	windows		image	Chennai	IN	13.0836939	80.270186	window_photo	windows,image,photo	16JhA98GQy67y5IqWY3Wv77GyANSMCaPf	https://lh3.googleusercontent.com/d/16JhA98GQy67y5IqWY3Wv77GyANSMCaPf=w2200	/images/16JhA98GQy67y5IqWY3Wv77GyANSMCaPf.jpg	/images/16JhA98GQy67y5IqWY3Wv77GyANSMCaPf.jpg			54	171
broken-52-image	broken	broken-52	image	Chennai	IN	13.0836939	80.270186	window_photo	broken,image,window	16JhA98GQy67y5IqWY3Wv77GyANSMCaPf	https://lh3.googleusercontent.com/d/16JhA98GQy67y5IqWY3Wv77GyANSMCaPf=w2200	/images/16JhA98GQy67y5IqWY3Wv77GyANSMCaPf.jpg	/images/16JhA98GQy67y5IqWY3Wv77GyANSMCaPf.jpg			54	172
broken-52-text	broken	broken-52	text	Washington	US	38.8950368	-77.0365427	street	broken,text,description,street					roadside view from the balcony		54	173
windows-38	windows		image	Chillicothe	US	39.3331197	-82.9824019	window_photo	windows,image,photo	1c_Cst7VDz3LNrQZy7WU-zUu3gmcQYqLS	https://lh3.googleusercontent.com/d/1c_Cst7VDz3LNrQZy7WU-zUu3gmcQYqLS=w2200	/images/1c_Cst7VDz3LNrQZy7WU-zUu3gmcQYqLS.jpg	/images/1c_Cst7VDz3LNrQZy7WU-zUu3gmcQYqLS.jpg			55	174
broken-53-image	broken	broken-53	image	Chillicothe	US	39.3331197	-82.9824019	window_photo	broken,image,window	1c_Cst7VDz3LNrQZy7WU-zUu3gmcQYqLS	https://lh3.googleusercontent.com/d/1c_Cst7VDz3LNrQZy7WU-zUu3gmcQYqLS=w2200	/images/1c_Cst7VDz3LNrQZy7WU-zUu3gmcQYqLS.jpg	/images/1c_Cst7VDz3LNrQZy7WU-zUu3gmcQYqLS.jpg			55	175
broken-53-text	broken	broken-53	text	United States	US	39.7837304	-100.445882	description	broken,text,description,description					THIS IS OPEN PLACE		55	176
broken-54-image	broken	broken-54	image	Chillicothe	US	39.3331197	-82.9824019	window_photo	broken,image,window	1c_Cst7VDz3LNrQZy7WU-zUu3gmcQYqLS	https://lh3.googleusercontent.com/d/1c_Cst7VDz3LNrQZy7WU-zUu3gmcQYqLS=w2200	/images/1c_Cst7VDz3LNrQZy7WU-zUu3gmcQYqLS.jpg	/images/1c_Cst7VDz3LNrQZy7WU-zUu3gmcQYqLS.jpg			56	177
broken-54-text	broken	broken-54	text	Indiana	US	40.3270127	-86.1746933	nature	broken,text,description,nature					IN THIS PICTURE I CAN SEE THE NATURE'S GIFT, FOREST AND HILLS SIDE VIEW,ITS VERY BEAUTIFUL.		56	178
broken-54-drawing	broken	broken-54	drawing	Varese				drawing_response	broken,image,drawing	1oRXgVpVYn0240-kCMv2jTSH-1iHEuwT9	https://lh3.googleusercontent.com/d/1oRXgVpVYn0240-kCMv2jTSH-1iHEuwT9=w2200	/images/1oRXgVpVYn0240-kCMv2jTSH-1iHEuwT9.jpg	/images/1oRXgVpVYn0240-kCMv2jTSH-1iHEuwT9.jpg			56	179
windows-39	windows		image	West Plains	US	36.7281652	-91.8525756	window_photo	windows,image,photo	105y2g5kQglhdNGMLFjkaUkZNNQml5OXl	https://lh3.googleusercontent.com/d/105y2g5kQglhdNGMLFjkaUkZNNQml5OXl=w2200	/images/105y2g5kQglhdNGMLFjkaUkZNNQml5OXl.jpg	/images/105y2g5kQglhdNGMLFjkaUkZNNQml5OXl.jpg			57	180
broken-55-image	broken	broken-55	image	West Plains	US	36.7281652	-91.8525756	window_photo	broken,image,window	105y2g5kQglhdNGMLFjkaUkZNNQml5OXl	https://lh3.googleusercontent.com/d/105y2g5kQglhdNGMLFjkaUkZNNQml5OXl=w2200	/images/105y2g5kQglhdNGMLFjkaUkZNNQml5OXl.jpg	/images/105y2g5kQglhdNGMLFjkaUkZNNQml5OXl.jpg			57	181
broken-55-text	broken	broken-55	text	India	IN	22.3511148	78.6677428	nature	broken,text,description,nature					very clean and neet villa. its very nice house and gardern car pariking, trees awesome		57	182
windows-40	windows		image	London	GB	51.5073219	-0.1276474	window_photo	windows,image,photo	1PNodbH_qlr-hXQTR0qME5cXm3ZGstNoj	https://lh3.googleusercontent.com/d/1PNodbH_qlr-hXQTR0qME5cXm3ZGstNoj=w2200	/images/1PNodbH_qlr-hXQTR0qME5cXm3ZGstNoj.jpg	/images/1PNodbH_qlr-hXQTR0qME5cXm3ZGstNoj.jpg			58	183
broken-56-image	broken	broken-56	image	London	GB	51.5073219	-0.1276474	window_photo	broken,image,window	1PNodbH_qlr-hXQTR0qME5cXm3ZGstNoj	https://lh3.googleusercontent.com/d/1PNodbH_qlr-hXQTR0qME5cXm3ZGstNoj=w2200	/images/1PNodbH_qlr-hXQTR0qME5cXm3ZGstNoj.jpg	/images/1PNodbH_qlr-hXQTR0qME5cXm3ZGstNoj.jpg			58	184
broken-56-text	broken	broken-56	text	India	IN	22.3511148	78.6677428	urban	broken,text,description,urban					i think this building was too old. and the building colour is red and white its not suitable.		58	185
broken-56-drawing	broken	broken-56	drawing	Lucknow				drawing_response	broken,image,drawing	1kbKBObScdW7nXMc6HLSVcF0MQm4nb82x	https://lh3.googleusercontent.com/d/1kbKBObScdW7nXMc6HLSVcF0MQm4nb82x=w2200	/images/1kbKBObScdW7nXMc6HLSVcF0MQm4nb82x.jpg	/images/1kbKBObScdW7nXMc6HLSVcF0MQm4nb82x.jpg			58	186
broken-57-image	broken	broken-57	image	London	GB	51.5073219	-0.1276474	window_photo	broken,image,window	1PNodbH_qlr-hXQTR0qME5cXm3ZGstNoj	https://lh3.googleusercontent.com/d/1PNodbH_qlr-hXQTR0qME5cXm3ZGstNoj=w2200	/images/1PNodbH_qlr-hXQTR0qME5cXm3ZGstNoj.jpg	/images/1PNodbH_qlr-hXQTR0qME5cXm3ZGstNoj.jpg			59	187
broken-57-text	broken	broken-57	text	India	IN	22.3511148	78.6677428	urban	broken,text,description,urban					i think this building was too old. and the building colour is red and white its not suitable.		59	188
broken-57-drawing	broken	broken-57	drawing	Varese				drawing_response	broken,image,drawing	1J-3KZdO4IypY4iJvwqObFKAkTchywenr	https://lh3.googleusercontent.com/d/1J-3KZdO4IypY4iJvwqObFKAkTchywenr=w2200	/images/1J-3KZdO4IypY4iJvwqObFKAkTchywenr.jpg	/images/1J-3KZdO4IypY4iJvwqObFKAkTchywenr.jpg			59	189
windows-41	windows		image	Village of Roslyn	US	40.7998227	-73.6509621	window_photo	windows,image,photo	1hDgJ9Io0eLyIoTxUdrOJPxhebif4NAj9	https://lh3.googleusercontent.com/d/1hDgJ9Io0eLyIoTxUdrOJPxhebif4NAj9=w2200	/images/1hDgJ9Io0eLyIoTxUdrOJPxhebif4NAj9.png	/images/1hDgJ9Io0eLyIoTxUdrOJPxhebif4NAj9.png			60	190
broken-58-image	broken	broken-58	image	Village of Roslyn	US	40.7998227	-73.6509621	window_photo	broken,image,window	1hDgJ9Io0eLyIoTxUdrOJPxhebif4NAj9	https://lh3.googleusercontent.com/d/1hDgJ9Io0eLyIoTxUdrOJPxhebif4NAj9=w2200	/images/1hDgJ9Io0eLyIoTxUdrOJPxhebif4NAj9.png	/images/1hDgJ9Io0eLyIoTxUdrOJPxhebif4NAj9.png			60	191
broken-58-text	broken	broken-58	text	Palmer Lake	US	39.1222138	-104.917204	nature	broken,text,description,nature					The view is partially blocked by a large hedge/bush of some sort. There are large deciduous trees off in the distance, and what appears to be an overcast sky. In the far right window pane there is a flowering bush with pink flowers.		60	192
broken-58-drawing	broken	broken-58	drawing	Rancho Cucamonga				drawing_response	broken,image,drawing	1TaeI4cCMTEE-9B2xHOFPRKvbYC0OvuVa	https://lh3.googleusercontent.com/d/1TaeI4cCMTEE-9B2xHOFPRKvbYC0OvuVa=w2200	/images/1TaeI4cCMTEE-9B2xHOFPRKvbYC0OvuVa.jpg	/images/1TaeI4cCMTEE-9B2xHOFPRKvbYC0OvuVa.jpg			60	193
windows-42	windows		image	City of New York	US	40.7684351	-73.7770774	window_photo	windows,image,photo	1CGx-HMhA0NSVCVqS3_ukC7aMY5NBjC7y	https://lh3.googleusercontent.com/d/1CGx-HMhA0NSVCVqS3_ukC7aMY5NBjC7y=w2200	/images/1CGx-HMhA0NSVCVqS3_ukC7aMY5NBjC7y.jpg	/images/1CGx-HMhA0NSVCVqS3_ukC7aMY5NBjC7y.jpg			61	194
broken-59-image	broken	broken-59	image	City of New York	US	40.7684351	-73.7770774	window_photo	broken,image,window	1CGx-HMhA0NSVCVqS3_ukC7aMY5NBjC7y	https://lh3.googleusercontent.com/d/1CGx-HMhA0NSVCVqS3_ukC7aMY5NBjC7y=w2200	/images/1CGx-HMhA0NSVCVqS3_ukC7aMY5NBjC7y.jpg	/images/1CGx-HMhA0NSVCVqS3_ukC7aMY5NBjC7y.jpg			61	195
broken-59-text	broken	broken-59	text	Tamil Nadu	IN	10.9094334	78.3665347	street	broken,text,description,street					ONE CUTE CAR ,ONE BEAUTIFUL HOUSE		61	196
broken-59-drawing	broken	broken-59	drawing	Cagliari				drawing_response	broken,image,drawing	1zCCjKL5CybZKMSYbfGxz_GrTITbxiAxe	https://lh3.googleusercontent.com/d/1zCCjKL5CybZKMSYbfGxz_GrTITbxiAxe=w2200	/images/1zCCjKL5CybZKMSYbfGxz_GrTITbxiAxe.jpg	/images/1zCCjKL5CybZKMSYbfGxz_GrTITbxiAxe.jpg			61	197
windows-43	windows		image	Undefined	US	40.0757384	-74.4041622	window_photo	windows,image,photo	1Q1NpA9Kp4VqMDefdqy9NerQDi2ceje4-	https://lh3.googleusercontent.com/d/1Q1NpA9Kp4VqMDefdqy9NerQDi2ceje4-=w2200	/images/1Q1NpA9Kp4VqMDefdqy9NerQDi2ceje4-.jpg	/images/1Q1NpA9Kp4VqMDefdqy9NerQDi2ceje4-.jpg			62	198
broken-60-image	broken	broken-60	image	Undefined	US	40.0757384	-74.4041622	window_photo	broken,image,window	1Q1NpA9Kp4VqMDefdqy9NerQDi2ceje4-	https://lh3.googleusercontent.com/d/1Q1NpA9Kp4VqMDefdqy9NerQDi2ceje4-=w2200	/images/1Q1NpA9Kp4VqMDefdqy9NerQDi2ceje4-.jpg	/images/1Q1NpA9Kp4VqMDefdqy9NerQDi2ceje4-.jpg			62	199
broken-60-text	broken	broken-60	text	Rio de Janeiro	BR	-22.9110137	-43.2093727	urban	broken,text,description,urban					a hotel room window		62	200
broken-60-drawing	broken	broken-60	drawing	Vancouver				drawing_response	broken,image,drawing	1Lpvsdh28JR82NGn4ds8x_MUTGapLDb0H	https://lh3.googleusercontent.com/d/1Lpvsdh28JR82NGn4ds8x_MUTGapLDb0H=w2200	/images/1Lpvsdh28JR82NGn4ds8x_MUTGapLDb0H.jpg	/images/1Lpvsdh28JR82NGn4ds8x_MUTGapLDb0H.jpg			62	201
windows-44	windows		image	Los Angeles	US	34.0980031	-118.329523	window_photo	windows,image,photo	11a-joXLKqjzn8GOTSZUJkQi2Aur0q81F	https://lh3.googleusercontent.com/d/11a-joXLKqjzn8GOTSZUJkQi2Aur0q81F=w2200	/images/11a-joXLKqjzn8GOTSZUJkQi2Aur0q81F.jpg	/images/11a-joXLKqjzn8GOTSZUJkQi2Aur0q81F.jpg			63	202
broken-61-image	broken	broken-61	image	Los Angeles	US	34.0980031	-118.329523	window_photo	broken,image,window	11a-joXLKqjzn8GOTSZUJkQi2Aur0q81F	https://lh3.googleusercontent.com/d/11a-joXLKqjzn8GOTSZUJkQi2Aur0q81F=w2200	/images/11a-joXLKqjzn8GOTSZUJkQi2Aur0q81F.jpg	/images/11a-joXLKqjzn8GOTSZUJkQi2Aur0q81F.jpg			63	203
broken-61-text	broken	broken-61	text	Indianola	US	33.4509513	-90.6550917	urban	broken,text,description,urban					The window view of my home. It is a backyard fo my house looks beautiful.		63	204
broken-61-drawing	broken	broken-61	drawing	Cagliari				drawing_response	broken,image,drawing	1R1mzyqLd0c-Kbmyn43N59qEzD8dzn0BP	https://lh3.googleusercontent.com/d/1R1mzyqLd0c-Kbmyn43N59qEzD8dzn0BP=w2200	/images/1R1mzyqLd0c-Kbmyn43N59qEzD8dzn0BP.jpg	/images/1R1mzyqLd0c-Kbmyn43N59qEzD8dzn0BP.jpg			63	205
windows-45	windows		image	Boston	US	42.3602534	-71.0582912	window_photo	windows,image,photo	1hETxKwIK-r5-3aYNZ9__ihoi2C9RDlwt	https://lh3.googleusercontent.com/d/1hETxKwIK-r5-3aYNZ9__ihoi2C9RDlwt=w2200	/images/1hETxKwIK-r5-3aYNZ9__ihoi2C9RDlwt.jpg	/images/1hETxKwIK-r5-3aYNZ9__ihoi2C9RDlwt.jpg			64	206
broken-62-image	broken	broken-62	image	Boston	US	42.3602534	-71.0582912	window_photo	broken,image,window	1hETxKwIK-r5-3aYNZ9__ihoi2C9RDlwt	https://lh3.googleusercontent.com/d/1hETxKwIK-r5-3aYNZ9__ihoi2C9RDlwt=w2200	/images/1hETxKwIK-r5-3aYNZ9__ihoi2C9RDlwt.jpg	/images/1hETxKwIK-r5-3aYNZ9__ihoi2C9RDlwt.jpg			64	207
broken-62-text	broken	broken-62	text	India	IN	22.3511148	78.6677428	urban	broken,text,description,urban					what a awesome window view it very cool spending on coffee time. looking lts very nice.		64	208
broken-62-drawing	broken	broken-62	drawing	Pascagoula	MS			drawing_response	broken,image,drawing	1lmKwYJKPzEOThg0gM5NU0Zj06Bij_j37	https://lh3.googleusercontent.com/d/1lmKwYJKPzEOThg0gM5NU0Zj06Bij_j37=w2200	/images/1lmKwYJKPzEOThg0gM5NU0Zj06Bij_j37.jpg	/images/1lmKwYJKPzEOThg0gM5NU0Zj06Bij_j37.jpg			64	209
broken-63-image	broken	broken-63	image	Boston	US	42.3602534	-71.0582912	window_photo	broken,image,window	1hETxKwIK-r5-3aYNZ9__ihoi2C9RDlwt	https://lh3.googleusercontent.com/d/1hETxKwIK-r5-3aYNZ9__ihoi2C9RDlwt=w2200	/images/1hETxKwIK-r5-3aYNZ9__ihoi2C9RDlwt.jpg	/images/1hETxKwIK-r5-3aYNZ9__ihoi2C9RDlwt.jpg			65	210
broken-63-text	broken	broken-63	text	India	IN	22.3511148	78.6677428	urban	broken,text,description,urban					what a awesome window view it very cool spending on coffee time. looking lts very nice.		65	211
broken-63-drawing	broken	broken-63	drawing	Brazil				drawing_response	broken,image,drawing	1YFbGimyGivnvx5vqC703ddzGg6-sJUWV	https://lh3.googleusercontent.com/d/1YFbGimyGivnvx5vqC703ddzGg6-sJUWV=w2200	/images/1YFbGimyGivnvx5vqC703ddzGg6-sJUWV.jpg	/images/1YFbGimyGivnvx5vqC703ddzGg6-sJUWV.jpg			65	212
windows-46	windows		image	Cicero	US	41.8455398	-87.7540199	window_photo	windows,image,photo	1d23yXDjmvVrgbi6z7aMpHThvQ_6nbsas	https://lh3.googleusercontent.com/d/1d23yXDjmvVrgbi6z7aMpHThvQ_6nbsas=w2200	/images/1d23yXDjmvVrgbi6z7aMpHThvQ_6nbsas.jpg	/images/1d23yXDjmvVrgbi6z7aMpHThvQ_6nbsas.jpg			66	213
broken-64-image	broken	broken-64	image	Cicero	US	41.8455398	-87.7540199	window_photo	broken,image,window	1d23yXDjmvVrgbi6z7aMpHThvQ_6nbsas	https://lh3.googleusercontent.com/d/1d23yXDjmvVrgbi6z7aMpHThvQ_6nbsas=w2200	/images/1d23yXDjmvVrgbi6z7aMpHThvQ_6nbsas.jpg	/images/1d23yXDjmvVrgbi6z7aMpHThvQ_6nbsas.jpg			66	214
broken-64-text	broken	broken-64	text	Florida	US	27.7567667	-81.4639835	description	broken,text,description,description					A beautiful cat		66	215
broken-64-drawing	broken	broken-64	drawing	Kottayam				drawing_response	broken,image,drawing	1AWS14gfTWAUkq9VmZv6uT7qXRJDqGXRB	https://lh3.googleusercontent.com/d/1AWS14gfTWAUkq9VmZv6uT7qXRJDqGXRB=w2200	/images/1AWS14gfTWAUkq9VmZv6uT7qXRJDqGXRB.jpg	/images/1AWS14gfTWAUkq9VmZv6uT7qXRJDqGXRB.jpg			66	216
windows-47	windows		image	Lacey	US	47.0263876	-122.8072257	window_photo	windows,image,photo	1v3ZlzpWYQJwF4jI_fKl0pqNuhwxcH4zP	https://lh3.googleusercontent.com/d/1v3ZlzpWYQJwF4jI_fKl0pqNuhwxcH4zP=w2200	/images/1v3ZlzpWYQJwF4jI_fKl0pqNuhwxcH4zP.jpg	/images/1v3ZlzpWYQJwF4jI_fKl0pqNuhwxcH4zP.jpg			67	217
broken-65-image	broken	broken-65	image	Lacey	US	47.0263876	-122.8072257	window_photo	broken,image,window	1v3ZlzpWYQJwF4jI_fKl0pqNuhwxcH4zP	https://lh3.googleusercontent.com/d/1v3ZlzpWYQJwF4jI_fKl0pqNuhwxcH4zP=w2200	/images/1v3ZlzpWYQJwF4jI_fKl0pqNuhwxcH4zP.jpg	/images/1v3ZlzpWYQJwF4jI_fKl0pqNuhwxcH4zP.jpg			67	218
broken-65-text	broken	broken-65	text	Louisiana	US	30.8703881	-92.007126	nature	broken,text,description,nature					SEE A HUGE BUILDING WITH A BEAUTIFUL GARDEN AND WALKWAY		67	219
broken-66-image	broken	broken-66	image	Lacey	US	47.0263876	-122.8072257	window_photo	broken,image,window	1v3ZlzpWYQJwF4jI_fKl0pqNuhwxcH4zP	https://lh3.googleusercontent.com/d/1v3ZlzpWYQJwF4jI_fKl0pqNuhwxcH4zP=w2200	/images/1v3ZlzpWYQJwF4jI_fKl0pqNuhwxcH4zP.jpg	/images/1v3ZlzpWYQJwF4jI_fKl0pqNuhwxcH4zP.jpg			68	221
broken-66-text	broken	broken-66	text	Louisiana	US	30.8703881	-92.007126	nature	broken,text,description,nature					SEE A HUGE BUILDING WITH A BEAUTIFUL GARDEN AND WALKWAY		68	222
broken-66-drawing	broken	broken-66	drawing	Milan				drawing_response	broken,image,drawing	1Lyw6WULyn-rDEDGvbpjYzdOFl7RFW0wQ	https://lh3.googleusercontent.com/d/1Lyw6WULyn-rDEDGvbpjYzdOFl7RFW0wQ=w2200	/images/1Lyw6WULyn-rDEDGvbpjYzdOFl7RFW0wQ.jpg	/images/1Lyw6WULyn-rDEDGvbpjYzdOFl7RFW0wQ.jpg			68	223
windows-48	windows		image	Pune City	IN	18.521428	73.8544541	window_photo	windows,image,photo	1LU_amIFFHX5I4B7CfHaBII2YGBmI6Cnq	https://lh3.googleusercontent.com/d/1LU_amIFFHX5I4B7CfHaBII2YGBmI6Cnq=w2200	/images/1LU_amIFFHX5I4B7CfHaBII2YGBmI6Cnq.jpg	/images/1LU_amIFFHX5I4B7CfHaBII2YGBmI6Cnq.jpg			69	224
broken-67-image	broken	broken-67	image	Pune City	IN	18.521428	73.8544541	window_photo	broken,image,window	1LU_amIFFHX5I4B7CfHaBII2YGBmI6Cnq	https://lh3.googleusercontent.com/d/1LU_amIFFHX5I4B7CfHaBII2YGBmI6Cnq=w2200	/images/1LU_amIFFHX5I4B7CfHaBII2YGBmI6Cnq.jpg	/images/1LU_amIFFHX5I4B7CfHaBII2YGBmI6Cnq.jpg			69	225
broken-67-text	broken	broken-67	text	Denver	US	39.7392364	-104.984862	nature	broken,text,description,nature					I SEE THE PHOTO ARE MORE TREES AND HOUSE.		69	226
broken-67-drawing	broken	broken-67	drawing	Campinas	BRAZIL			drawing_response	broken,image,drawing	1QH2wa0UrcyWfkTxpCokQ-Uw0rtRyBoaP	https://lh3.googleusercontent.com/d/1QH2wa0UrcyWfkTxpCokQ-Uw0rtRyBoaP=w2200	/images/1QH2wa0UrcyWfkTxpCokQ-Uw0rtRyBoaP.jpg	/images/1QH2wa0UrcyWfkTxpCokQ-Uw0rtRyBoaP.jpg			69	227
windows-49	windows		image	Rio de Janeiro	BR	-22.9110137	-43.2093727	window_photo	windows,image,photo	1csnksKgddUI92vCKC6lopPhQoGs5Ut-h	https://lh3.googleusercontent.com/d/1csnksKgddUI92vCKC6lopPhQoGs5Ut-h=w2200	/images/1csnksKgddUI92vCKC6lopPhQoGs5Ut-h.jpg	/images/1csnksKgddUI92vCKC6lopPhQoGs5Ut-h.jpg			70	228
broken-68-image	broken	broken-68	image	Rio de Janeiro	BR	-22.9110137	-43.2093727	window_photo	broken,image,window	1csnksKgddUI92vCKC6lopPhQoGs5Ut-h	https://lh3.googleusercontent.com/d/1csnksKgddUI92vCKC6lopPhQoGs5Ut-h=w2200	/images/1csnksKgddUI92vCKC6lopPhQoGs5Ut-h.jpg	/images/1csnksKgddUI92vCKC6lopPhQoGs5Ut-h.jpg			70	229
broken-68-text	broken	broken-68	text	California	US	36.2516475	-118.852583	description	broken,text,description,description					I SEE THE INTER NET WEBPAGE INTHE PHOTAO		70	230
windows-50	windows		image	Mumbai	IN	19.0785451	72.878176	window_photo	windows,image,photo	1i10c19g26IxvoShW8KSeZn_32jxzS4lz	https://lh3.googleusercontent.com/d/1i10c19g26IxvoShW8KSeZn_32jxzS4lz=w2200	/images/1i10c19g26IxvoShW8KSeZn_32jxzS4lz.jpg	/images/1i10c19g26IxvoShW8KSeZn_32jxzS4lz.jpg			71	231
broken-69-image	broken	broken-69	image	Mumbai	IN	19.0785451	72.878176	window_photo	broken,image,window	1i10c19g26IxvoShW8KSeZn_32jxzS4lz	https://lh3.googleusercontent.com/d/1i10c19g26IxvoShW8KSeZn_32jxzS4lz=w2200	/images/1i10c19g26IxvoShW8KSeZn_32jxzS4lz.jpg	/images/1i10c19g26IxvoShW8KSeZn_32jxzS4lz.jpg			71	232
broken-69-text	broken	broken-69	text	Louisville	US	38.2542376	-85.759407	urban	broken,text,description,urban					The lot of buildings from the top floor.		71	233
broken-69-drawing	broken	broken-69	drawing	Cagliari				drawing_response	broken,image,drawing	1s8F4DBnWV-4YBuIuJvboPtIoD73sC_SJ	https://lh3.googleusercontent.com/d/1s8F4DBnWV-4YBuIuJvboPtIoD73sC_SJ=w2200	/images/1s8F4DBnWV-4YBuIuJvboPtIoD73sC_SJ.jpg	/images/1s8F4DBnWV-4YBuIuJvboPtIoD73sC_SJ.jpg			71	234
windows-51	windows		image	Guildford	GB	51.2356068	-0.5732063	window_photo	windows,image,photo	1j7rcz08uSpH2jlLjr0OZoOuvbjj0g9HY	https://lh3.googleusercontent.com/d/1j7rcz08uSpH2jlLjr0OZoOuvbjj0g9HY=w2200	/images/1j7rcz08uSpH2jlLjr0OZoOuvbjj0g9HY.jpg	/images/1j7rcz08uSpH2jlLjr0OZoOuvbjj0g9HY.jpg			72	235
broken-70-image	broken	broken-70	image	Guildford	GB	51.2356068	-0.5732063	window_photo	broken,image,window	1j7rcz08uSpH2jlLjr0OZoOuvbjj0g9HY	https://lh3.googleusercontent.com/d/1j7rcz08uSpH2jlLjr0OZoOuvbjj0g9HY=w2200	/images/1j7rcz08uSpH2jlLjr0OZoOuvbjj0g9HY.jpg	/images/1j7rcz08uSpH2jlLjr0OZoOuvbjj0g9HY.jpg			72	236
broken-70-text	broken	broken-70	text	Lumberton	US	34.6183433	-79.0083993	description	broken,text,description,description					I SEE THE PHOTO IN GREENFUL GROUND.		72	237
broken-71-image	broken	broken-71	image	Guildford	GB	51.2356068	-0.5732063	window_photo	broken,image,window	1j7rcz08uSpH2jlLjr0OZoOuvbjj0g9HY	https://lh3.googleusercontent.com/d/1j7rcz08uSpH2jlLjr0OZoOuvbjj0g9HY=w2200	/images/1j7rcz08uSpH2jlLjr0OZoOuvbjj0g9HY.jpg	/images/1j7rcz08uSpH2jlLjr0OZoOuvbjj0g9HY.jpg			73	238
broken-71-text	broken	broken-71	text	Chicago	US	41.8755616	-87.6244212	nature	broken,text,description,nature					I SEE IN THIS PHOTO BEATIFUL NATURE , THE CLOUS ALSO A BEATIFUL TO SEE.		73	239
windows-52	windows		image	Rescaldina	IT	45.6159737	8.9489311	window_photo	windows,image,photo	15rFyE3PtFWujQGnGZBVmbt6JK2pI8puj	https://lh3.googleusercontent.com/d/15rFyE3PtFWujQGnGZBVmbt6JK2pI8puj=w2200	/images/15rFyE3PtFWujQGnGZBVmbt6JK2pI8puj.jpg	/images/15rFyE3PtFWujQGnGZBVmbt6JK2pI8puj.jpg			74	240
broken-72-image	broken	broken-72	image	Rescaldina	IT	45.6159737	8.9489311	window_photo	broken,image,window	15rFyE3PtFWujQGnGZBVmbt6JK2pI8puj	https://lh3.googleusercontent.com/d/15rFyE3PtFWujQGnGZBVmbt6JK2pI8puj=w2200	/images/15rFyE3PtFWujQGnGZBVmbt6JK2pI8puj.jpg	/images/15rFyE3PtFWujQGnGZBVmbt6JK2pI8puj.jpg			74	241
broken-72-text	broken	broken-72	text	Canada	CA	61.0666922	-107.991707	street	broken,text,description,street					car		74	242
broken-73-image	broken	broken-73	image	Rescaldina	IT	45.6159737	8.9489311	window_photo	broken,image,window	15rFyE3PtFWujQGnGZBVmbt6JK2pI8puj	https://lh3.googleusercontent.com/d/15rFyE3PtFWujQGnGZBVmbt6JK2pI8puj=w2200	/images/15rFyE3PtFWujQGnGZBVmbt6JK2pI8puj.jpg	/images/15rFyE3PtFWujQGnGZBVmbt6JK2pI8puj.jpg			75	243
broken-73-text	broken	broken-73	text	Louisiana	US	30.8703881	-92.007126	nature	broken,text,description,nature					SOME BUILDINGS, I DONT KNOW WHETER IT IS A CAR PARKING OR NOT		75	244
broken-73-drawing	broken	broken-73	drawing	Kottayam				drawing_response	broken,image,drawing	1cFvBHvFGeKr2hIgfSVLerwzIDu-8KV2p	https://lh3.googleusercontent.com/d/1cFvBHvFGeKr2hIgfSVLerwzIDu-8KV2p=w2200	/images/1cFvBHvFGeKr2hIgfSVLerwzIDu-8KV2p.jpg	/images/1cFvBHvFGeKr2hIgfSVLerwzIDu-8KV2p.jpg			75	245
windows-53	windows		image	Undefined	IN	10.9301522	78.08485455	window_photo	windows,image,photo	1nRyDtkZA12RJPZEZ8u9NScq5Too-lVVR	https://lh3.googleusercontent.com/d/1nRyDtkZA12RJPZEZ8u9NScq5Too-lVVR=w2200	/images/1nRyDtkZA12RJPZEZ8u9NScq5Too-lVVR.jpg	/images/1nRyDtkZA12RJPZEZ8u9NScq5Too-lVVR.jpg			76	246
broken-74-image	broken	broken-74	image	Undefined	IN	10.9301522	78.08485455	window_photo	broken,image,window	1nRyDtkZA12RJPZEZ8u9NScq5Too-lVVR	https://lh3.googleusercontent.com/d/1nRyDtkZA12RJPZEZ8u9NScq5Too-lVVR=w2200	/images/1nRyDtkZA12RJPZEZ8u9NScq5Too-lVVR.jpg	/images/1nRyDtkZA12RJPZEZ8u9NScq5Too-lVVR.jpg			76	247
broken-74-text	broken	broken-74	text	Louisiana	US	30.8703881	-92.007126	urban	broken,text,description,urban					I SEE A DRESS CABIN THROUGH WINDOWS		76	248
broken-74-drawing	broken	broken-74	drawing	Niterói - Rio de Janeiro - Brazil				drawing_response	broken,image,drawing	14GKBtIUuSjwR0TliLAFYPPYR4V0RWprb	https://lh3.googleusercontent.com/d/14GKBtIUuSjwR0TliLAFYPPYR4V0RWprb=w2200	/images/14GKBtIUuSjwR0TliLAFYPPYR4V0RWprb.jpg	/images/14GKBtIUuSjwR0TliLAFYPPYR4V0RWprb.jpg			76	249
broken-75-image	broken	broken-75	image	Undefined	IN	10.9301522	78.08485455	window_photo	broken,image,window	1nRyDtkZA12RJPZEZ8u9NScq5Too-lVVR	https://lh3.googleusercontent.com/d/1nRyDtkZA12RJPZEZ8u9NScq5Too-lVVR=w2200	/images/1nRyDtkZA12RJPZEZ8u9NScq5Too-lVVR.jpg	/images/1nRyDtkZA12RJPZEZ8u9NScq5Too-lVVR.jpg			77	250
broken-75-text	broken	broken-75	text	Murrells Inlet	US	33.5499183	-79.0430329	urban	broken,text,description,urban					Windows		77	251
windows-54	windows		image	Undefined	IN	18.9068356	75.6741579	window_photo	windows,image,photo	18pbzFzGA-sZd-yM7S0pBFq9x4O4eKiph	https://lh3.googleusercontent.com/d/18pbzFzGA-sZd-yM7S0pBFq9x4O4eKiph=w2200	/images/18pbzFzGA-sZd-yM7S0pBFq9x4O4eKiph.png	/images/18pbzFzGA-sZd-yM7S0pBFq9x4O4eKiph.png			78	252
broken-76-image	broken	broken-76	image	Undefined	IN	18.9068356	75.6741579	window_photo	broken,image,window	18pbzFzGA-sZd-yM7S0pBFq9x4O4eKiph	https://lh3.googleusercontent.com/d/18pbzFzGA-sZd-yM7S0pBFq9x4O4eKiph=w2200	/images/18pbzFzGA-sZd-yM7S0pBFq9x4O4eKiph.png	/images/18pbzFzGA-sZd-yM7S0pBFq9x4O4eKiph.png			78	253
broken-76-text	broken	broken-76	text	Rio de Janeiro	BR	-22.9110137	-43.2093727	description	broken,text,description,description					multiple messages on the email screen		78	254
windows-55	windows		image	Springdale	US	36.1867442	-94.1288142	window_photo	windows,image,photo	17InOwgrHm5HZcNZ-08iPYym5cf0cRLwS	https://lh3.googleusercontent.com/d/17InOwgrHm5HZcNZ-08iPYym5cf0cRLwS=w2200	/images/17InOwgrHm5HZcNZ-08iPYym5cf0cRLwS.jpg	/images/17InOwgrHm5HZcNZ-08iPYym5cf0cRLwS.jpg			79	255
broken-77-image	broken	broken-77	image	Springdale	US	36.1867442	-94.1288142	window_photo	broken,image,window	17InOwgrHm5HZcNZ-08iPYym5cf0cRLwS	https://lh3.googleusercontent.com/d/17InOwgrHm5HZcNZ-08iPYym5cf0cRLwS=w2200	/images/17InOwgrHm5HZcNZ-08iPYym5cf0cRLwS.jpg	/images/17InOwgrHm5HZcNZ-08iPYym5cf0cRLwS.jpg			79	256
broken-77-text	broken	broken-77	text	Rio de Janeiro	BR	-22.9110137	-43.2093727	unclear	broken,text,description,unclear					a completely black image		79	257
broken-77-drawing	broken	broken-77	drawing	Niterói - Rio de Janeiro - Brazil				drawing_response	broken,image,drawing	1rEKdx6W40k3i8Xb-jVTLl5PeohYdZ3cp	https://lh3.googleusercontent.com/d/1rEKdx6W40k3i8Xb-jVTLl5PeohYdZ3cp=w2200	/images/1rEKdx6W40k3i8Xb-jVTLl5PeohYdZ3cp.jpg	/images/1rEKdx6W40k3i8Xb-jVTLl5PeohYdZ3cp.jpg			79	258
windows-56	windows		image	Minot	FR	47.6698594	4.8786165	window_photo	windows,image,photo	1napr07wkcs9S5AW0hdFrmmSgeDU4gtmQ	https://lh3.googleusercontent.com/d/1napr07wkcs9S5AW0hdFrmmSgeDU4gtmQ=w2200	/images/1napr07wkcs9S5AW0hdFrmmSgeDU4gtmQ.jpg	/images/1napr07wkcs9S5AW0hdFrmmSgeDU4gtmQ.jpg			80	259
broken-78-image	broken	broken-78	image	Minot	FR	47.6698594	4.8786165	window_photo	broken,image,window	1napr07wkcs9S5AW0hdFrmmSgeDU4gtmQ	https://lh3.googleusercontent.com/d/1napr07wkcs9S5AW0hdFrmmSgeDU4gtmQ=w2200	/images/1napr07wkcs9S5AW0hdFrmmSgeDU4gtmQ.jpg	/images/1napr07wkcs9S5AW0hdFrmmSgeDU4gtmQ.jpg			80	260
broken-78-text	broken	broken-78	text	Norwalk	US	41.1175966	-73.4078968	nature	broken,text,description,nature					A grass field with center of two trees and a water tube goes around over the grass field		80	261
broken-78-drawing	broken	broken-78	drawing	Florence				drawing_response	broken,image,drawing	1jbYnQH4aM_QvuihuMCf3_A9J3TOwQWCx	https://lh3.googleusercontent.com/d/1jbYnQH4aM_QvuihuMCf3_A9J3TOwQWCx=w2200	/images/1jbYnQH4aM_QvuihuMCf3_A9J3TOwQWCx.jpg	/images/1jbYnQH4aM_QvuihuMCf3_A9J3TOwQWCx.jpg			80	262
windows-57	windows		image	Colorado Springs	US	38.8339578	-104.825348	window_photo	windows,image,photo	1Jcv8JfeDSVlFFanoIAivMxs9QCRfL8-P	https://lh3.googleusercontent.com/d/1Jcv8JfeDSVlFFanoIAivMxs9QCRfL8-P=w2200	/images/1Jcv8JfeDSVlFFanoIAivMxs9QCRfL8-P.jpg	/images/1Jcv8JfeDSVlFFanoIAivMxs9QCRfL8-P.jpg			81	263
broken-79-image	broken	broken-79	image	Colorado Springs	US	38.8339578	-104.825348	window_photo	broken,image,window	1Jcv8JfeDSVlFFanoIAivMxs9QCRfL8-P	https://lh3.googleusercontent.com/d/1Jcv8JfeDSVlFFanoIAivMxs9QCRfL8-P=w2200	/images/1Jcv8JfeDSVlFFanoIAivMxs9QCRfL8-P.jpg	/images/1Jcv8JfeDSVlFFanoIAivMxs9QCRfL8-P.jpg			81	264
broken-79-text	broken	broken-79	text					nature	broken,text,description,nature					CAR PARKING		81	265
broken-79-drawing	broken	broken-79	drawing	Brazil				drawing_response	broken,image,drawing	1YFbGimyGivnvx5vqC703ddzGg6-sJUWV	https://lh3.googleusercontent.com/d/1YFbGimyGivnvx5vqC703ddzGg6-sJUWV=w2200	/images/1YFbGimyGivnvx5vqC703ddzGg6-sJUWV.jpg	/images/1YFbGimyGivnvx5vqC703ddzGg6-sJUWV.jpg			81	266
broken-80-image	broken	broken-80	image	Colorado Springs	US	38.8339578	-104.825348	window_photo	broken,image,window	1Jcv8JfeDSVlFFanoIAivMxs9QCRfL8-P	https://lh3.googleusercontent.com/d/1Jcv8JfeDSVlFFanoIAivMxs9QCRfL8-P=w2200	/images/1Jcv8JfeDSVlFFanoIAivMxs9QCRfL8-P.jpg	/images/1Jcv8JfeDSVlFFanoIAivMxs9QCRfL8-P.jpg			82	267
broken-80-text	broken	broken-80	text					nature	broken,text,description,nature					this place night time.The house in street car stoping that place .street light on the road .this place very beautiful		82	268
windows-58	windows		image	Garden City	US	37.9716898	-100.8726618	window_photo	windows,image,photo	160ypnCoDxTbGPkpdxH67zNYLNulurcJJ	https://lh3.googleusercontent.com/d/160ypnCoDxTbGPkpdxH67zNYLNulurcJJ=w2200	/images/160ypnCoDxTbGPkpdxH67zNYLNulurcJJ.jpg	/images/160ypnCoDxTbGPkpdxH67zNYLNulurcJJ.jpg			83	269
broken-81-image	broken	broken-81	image	Garden City	US	37.9716898	-100.8726618	window_photo	broken,image,window	160ypnCoDxTbGPkpdxH67zNYLNulurcJJ	https://lh3.googleusercontent.com/d/160ypnCoDxTbGPkpdxH67zNYLNulurcJJ=w2200	/images/160ypnCoDxTbGPkpdxH67zNYLNulurcJJ.jpg	/images/160ypnCoDxTbGPkpdxH67zNYLNulurcJJ.jpg			83	270
broken-81-text	broken	broken-81	text	Bruceton Mills	US	39.659228	-79.6405867	nature	broken,text,description,nature					A delivery truck parked along the curb with a view of the neighbors house with a red roof and yellow siding. There are two cars facing the left parked on the opposite side of the curb.		83	271
broken-81-drawing	broken	broken-81	drawing	Lucknow				drawing_response	broken,image,drawing	1z8sOTJKX_CAEWkBLdzQpG7xSzAWhp9PU	https://lh3.googleusercontent.com/d/1z8sOTJKX_CAEWkBLdzQpG7xSzAWhp9PU=w2200	/images/1z8sOTJKX_CAEWkBLdzQpG7xSzAWhp9PU.jpg	/images/1z8sOTJKX_CAEWkBLdzQpG7xSzAWhp9PU.jpg			83	272
broken-82-image	broken	broken-82	image	Garden City	US	37.9716898	-100.8726618	window_photo	broken,image,window	160ypnCoDxTbGPkpdxH67zNYLNulurcJJ	https://lh3.googleusercontent.com/d/160ypnCoDxTbGPkpdxH67zNYLNulurcJJ=w2200	/images/160ypnCoDxTbGPkpdxH67zNYLNulurcJJ.jpg	/images/160ypnCoDxTbGPkpdxH67zNYLNulurcJJ.jpg			84	273
broken-82-text	broken	broken-82	text	Bruceton Mills	US	39.659228	-79.6405867	nature	broken,text,description,nature					A delivery truck parked along the curb with a view of the neighbors house with a red roof and yellow siding. There are two cars facing the left parked on the opposite side of the curb.		84	274
broken-82-drawing	broken	broken-82	drawing	Brazil				drawing_response	broken,image,drawing	16lW0L5sfcu8dvmfA_gc4HFIVpt5YhB_8	https://lh3.googleusercontent.com/d/16lW0L5sfcu8dvmfA_gc4HFIVpt5YhB_8=w2200	/images/16lW0L5sfcu8dvmfA_gc4HFIVpt5YhB_8.jpg	/images/16lW0L5sfcu8dvmfA_gc4HFIVpt5YhB_8.jpg			84	275
windows-59	windows		image	Los Angeles	US	34.0536909	-118.242766	window_photo	windows,image,photo	1modSxHstSrpPYTvdJ_qP33QyTQNio8ms	https://lh3.googleusercontent.com/d/1modSxHstSrpPYTvdJ_qP33QyTQNio8ms=w2200	/images/1modSxHstSrpPYTvdJ_qP33QyTQNio8ms.jpg	/images/1modSxHstSrpPYTvdJ_qP33QyTQNio8ms.jpg			85	276
broken-83-image	broken	broken-83	image	Los Angeles	US	34.0536909	-118.242766	window_photo	broken,image,window	1modSxHstSrpPYTvdJ_qP33QyTQNio8ms	https://lh3.googleusercontent.com/d/1modSxHstSrpPYTvdJ_qP33QyTQNio8ms=w2200	/images/1modSxHstSrpPYTvdJ_qP33QyTQNio8ms.jpg	/images/1modSxHstSrpPYTvdJ_qP33QyTQNio8ms.jpg			85	277
broken-83-text	broken	broken-83	text	Louisiana	US	30.8703881	-92.007126	nature	broken,text,description,nature					I was abke to see my beautiful garden that i spend my time in creating it		85	278
broken-83-drawing	broken	broken-83	drawing	Vancouver				drawing_response	broken,image,drawing	1gCjhA6x-dg4bPCI71LZt8_HJEp23pTla	https://lh3.googleusercontent.com/d/1gCjhA6x-dg4bPCI71LZt8_HJEp23pTla=w2200	/images/1gCjhA6x-dg4bPCI71LZt8_HJEp23pTla.jpg	/images/1gCjhA6x-dg4bPCI71LZt8_HJEp23pTla.jpg			85	279
windows-60	windows		image	Roma	IT	41.8933203	12.4829321	window_photo	windows,image,photo	1JgQe2VergNYFwZFddsb3UtWwl7W10pGG	https://lh3.googleusercontent.com/d/1JgQe2VergNYFwZFddsb3UtWwl7W10pGG=w2200	/images/1JgQe2VergNYFwZFddsb3UtWwl7W10pGG.jpg	/images/1JgQe2VergNYFwZFddsb3UtWwl7W10pGG.jpg			86	280
broken-84-image	broken	broken-84	image	Roma	IT	41.8933203	12.4829321	window_photo	broken,image,window	1JgQe2VergNYFwZFddsb3UtWwl7W10pGG	https://lh3.googleusercontent.com/d/1JgQe2VergNYFwZFddsb3UtWwl7W10pGG=w2200	/images/1JgQe2VergNYFwZFddsb3UtWwl7W10pGG.jpg	/images/1JgQe2VergNYFwZFddsb3UtWwl7W10pGG.jpg			86	281
broken-84-text	broken	broken-84	text	Washington	US	38.8950368	-77.0365427	nature	broken,text,description,nature					house surronded with trees		86	282
broken-84-drawing	broken	broken-84	drawing	CALIFORNIA				drawing_response	broken,image,drawing	1PLGLeN76HWY-1TJpyHSEMgKfP9gHlSk5	https://lh3.googleusercontent.com/d/1PLGLeN76HWY-1TJpyHSEMgKfP9gHlSk5=w2200	/images/1PLGLeN76HWY-1TJpyHSEMgKfP9gHlSk5.jpg	/images/1PLGLeN76HWY-1TJpyHSEMgKfP9gHlSk5.jpg			86	283
windows-61	windows		image	Vancouver	US	45.6306954	-122.6744557	window_photo	windows,image,photo	1xOXhhnhZ_T-in9h27G80i-IKIVFrdAVf	https://lh3.googleusercontent.com/d/1xOXhhnhZ_T-in9h27G80i-IKIVFrdAVf=w2200	/images/1xOXhhnhZ_T-in9h27G80i-IKIVFrdAVf.jpg	/images/1xOXhhnhZ_T-in9h27G80i-IKIVFrdAVf.jpg			87	284
broken-85-image	broken	broken-85	image	Vancouver	US	45.6306954	-122.6744557	window_photo	broken,image,window	1xOXhhnhZ_T-in9h27G80i-IKIVFrdAVf	https://lh3.googleusercontent.com/d/1xOXhhnhZ_T-in9h27G80i-IKIVFrdAVf=w2200	/images/1xOXhhnhZ_T-in9h27G80i-IKIVFrdAVf.jpg	/images/1xOXhhnhZ_T-in9h27G80i-IKIVFrdAVf.jpg			87	285
broken-85-text	broken	broken-85	text	United States	US	39.7837304	-100.445882	nature	broken,text,description,nature					THIS IS SEE BEAUTYFUL GARDEN		87	286
broken-86-image	broken	broken-86	image	Vancouver	US	45.6306954	-122.6744557	window_photo	broken,image,window	1xOXhhnhZ_T-in9h27G80i-IKIVFrdAVf	https://lh3.googleusercontent.com/d/1xOXhhnhZ_T-in9h27G80i-IKIVFrdAVf=w2200	/images/1xOXhhnhZ_T-in9h27G80i-IKIVFrdAVf.jpg	/images/1xOXhhnhZ_T-in9h27G80i-IKIVFrdAVf.jpg			88	287
broken-86-text	broken	broken-86	text	Florida	US	27.7567667	-81.4639835	urban	broken,text,description,urban					Backyard of a House having some colors of flowers		88	288
broken-86-drawing	broken	broken-86	drawing	Huntington Beach				drawing_response	broken,image,drawing	103BiZhxkJ3wYvesrnTvv2_FSUOn11dcT	https://lh3.googleusercontent.com/d/103BiZhxkJ3wYvesrnTvv2_FSUOn11dcT=w2200	/images/103BiZhxkJ3wYvesrnTvv2_FSUOn11dcT.png	/images/103BiZhxkJ3wYvesrnTvv2_FSUOn11dcT.png			88	289
broken-87-image	broken	broken-87	image	Vancouver	US	45.6306954	-122.6744557	window_photo	broken,image,window	1xOXhhnhZ_T-in9h27G80i-IKIVFrdAVf	https://lh3.googleusercontent.com/d/1xOXhhnhZ_T-in9h27G80i-IKIVFrdAVf=w2200	/images/1xOXhhnhZ_T-in9h27G80i-IKIVFrdAVf.jpg	/images/1xOXhhnhZ_T-in9h27G80i-IKIVFrdAVf.jpg			89	290
broken-87-text	broken	broken-87	text	Florida	US	27.7567667	-81.4639835	urban	broken,text,description,urban					Backyard of a House having some colors of flowers		89	291
broken-87-drawing	broken	broken-87	drawing	Varese				drawing_response	broken,image,drawing	1028X_ngGPtdr1ejcMmd7mk932ZkO3Ha_	https://lh3.googleusercontent.com/d/1028X_ngGPtdr1ejcMmd7mk932ZkO3Ha_=w2200	/images/1028X_ngGPtdr1ejcMmd7mk932ZkO3Ha_.jpg	/images/1028X_ngGPtdr1ejcMmd7mk932ZkO3Ha_.jpg			89	292
windows-62	windows		image	Undefined	IT	42.6384261	12.674297	window_photo	windows,image,photo	1wd3xQ-zivwAYmVKlq9hgdiv9U2qYhWAU	https://lh3.googleusercontent.com/d/1wd3xQ-zivwAYmVKlq9hgdiv9U2qYhWAU=w2200	/images/1wd3xQ-zivwAYmVKlq9hgdiv9U2qYhWAU.jpg	/images/1wd3xQ-zivwAYmVKlq9hgdiv9U2qYhWAU.jpg			90	293
broken-88-image	broken	broken-88	image	Undefined	IT	42.6384261	12.674297	window_photo	broken,image,window	1wd3xQ-zivwAYmVKlq9hgdiv9U2qYhWAU	https://lh3.googleusercontent.com/d/1wd3xQ-zivwAYmVKlq9hgdiv9U2qYhWAU=w2200	/images/1wd3xQ-zivwAYmVKlq9hgdiv9U2qYhWAU.jpg	/images/1wd3xQ-zivwAYmVKlq9hgdiv9U2qYhWAU.jpg			90	294
broken-88-text	broken	broken-88	text	Florida	US	27.7567667	-81.4639835	urban	broken,text,description,urban					A well constructed building surrounded with tress and compound wall		90	295
broken-88-drawing	broken	broken-88	drawing	Barletta				drawing_response	broken,image,drawing	1dso3y_b4DuoUr5kBQB93HcpkGa0SL0md	https://lh3.googleusercontent.com/d/1dso3y_b4DuoUr5kBQB93HcpkGa0SL0md=w2200	/images/1dso3y_b4DuoUr5kBQB93HcpkGa0SL0md.png	/images/1dso3y_b4DuoUr5kBQB93HcpkGa0SL0md.png			90	296
broken-89-image	broken	broken-89	image	Undefined	IT	42.6384261	12.674297	window_photo	broken,image,window	1wd3xQ-zivwAYmVKlq9hgdiv9U2qYhWAU	https://lh3.googleusercontent.com/d/1wd3xQ-zivwAYmVKlq9hgdiv9U2qYhWAU=w2200	/images/1wd3xQ-zivwAYmVKlq9hgdiv9U2qYhWAU.jpg	/images/1wd3xQ-zivwAYmVKlq9hgdiv9U2qYhWAU.jpg			91	297
broken-89-text	broken	broken-89	text	Florida	US	27.7567667	-81.4639835	urban	broken,text,description,urban					A well constructed building surrounded with tress and compound wall		91	298
broken-89-drawing	broken	broken-89	drawing	Barletta				drawing_response	broken,image,drawing	1HJ5x27fDpJIGYZ1VBIyYkBkNlX4uw6DR	https://lh3.googleusercontent.com/d/1HJ5x27fDpJIGYZ1VBIyYkBkNlX4uw6DR=w2200	/images/1HJ5x27fDpJIGYZ1VBIyYkBkNlX4uw6DR.png	/images/1HJ5x27fDpJIGYZ1VBIyYkBkNlX4uw6DR.png			91	299
windows-63	windows		image	Undefined	US	41.2943069	-73.37486	window_photo	windows,image,photo	1i5keQj68k6VIyDVfwi_Pa3YyGz5djpGL	https://lh3.googleusercontent.com/d/1i5keQj68k6VIyDVfwi_Pa3YyGz5djpGL=w2200	/images/1i5keQj68k6VIyDVfwi_Pa3YyGz5djpGL.jpg	/images/1i5keQj68k6VIyDVfwi_Pa3YyGz5djpGL.jpg			92	300
broken-90-image	broken	broken-90	image	Undefined	US	41.2943069	-73.37486	window_photo	broken,image,window	1i5keQj68k6VIyDVfwi_Pa3YyGz5djpGL	https://lh3.googleusercontent.com/d/1i5keQj68k6VIyDVfwi_Pa3YyGz5djpGL=w2200	/images/1i5keQj68k6VIyDVfwi_Pa3YyGz5djpGL.jpg	/images/1i5keQj68k6VIyDVfwi_Pa3YyGz5djpGL.jpg			92	301
broken-90-text	broken	broken-90	text	Texas	US	31.2638905	-98.5456116	nature	broken,text,description,nature					nature		92	302
broken-90-drawing	broken	broken-90	drawing	Cagliari				drawing_response	broken,image,drawing	1fjbRjab-uAuK0ToEtFjRlba51KAtNCWk	https://lh3.googleusercontent.com/d/1fjbRjab-uAuK0ToEtFjRlba51KAtNCWk=w2200	/images/1fjbRjab-uAuK0ToEtFjRlba51KAtNCWk.jpg	/images/1fjbRjab-uAuK0ToEtFjRlba51KAtNCWk.jpg			92	303
broken-91-image	broken	broken-91	image	Undefined	US	41.2943069	-73.37486	window_photo	broken,image,window	1i5keQj68k6VIyDVfwi_Pa3YyGz5djpGL	https://lh3.googleusercontent.com/d/1i5keQj68k6VIyDVfwi_Pa3YyGz5djpGL=w2200	/images/1i5keQj68k6VIyDVfwi_Pa3YyGz5djpGL.jpg	/images/1i5keQj68k6VIyDVfwi_Pa3YyGz5djpGL.jpg			93	304
broken-91-text	broken	broken-91	text					description	broken,text,description,description					GOOD		93	305
broken-91-drawing	broken	broken-91	drawing	Fort Walton Beach				drawing_response	broken,image,drawing	1BAR2g80rf4uN7W4_B97yW6X718i5DmVd	https://lh3.googleusercontent.com/d/1BAR2g80rf4uN7W4_B97yW6X718i5DmVd=w2200	/images/1BAR2g80rf4uN7W4_B97yW6X718i5DmVd.jpg	/images/1BAR2g80rf4uN7W4_B97yW6X718i5DmVd.jpg			93	306
broken-92-image	broken	broken-92	image	Undefined	US	41.2943069	-73.37486	window_photo	broken,image,window	1i5keQj68k6VIyDVfwi_Pa3YyGz5djpGL	https://lh3.googleusercontent.com/d/1i5keQj68k6VIyDVfwi_Pa3YyGz5djpGL=w2200	/images/1i5keQj68k6VIyDVfwi_Pa3YyGz5djpGL.jpg	/images/1i5keQj68k6VIyDVfwi_Pa3YyGz5djpGL.jpg			94	307
broken-92-text	broken	broken-92	text	Louisiana	US	30.8703881	-92.007126	nature	broken,text,description,nature					A BEAUTIFUL GARDEN		94	308
broken-92-drawing	broken	broken-92	drawing	Alexandria	EGYPT			drawing_response	broken,image,drawing	17L-aU7ky7jE3-lsrpoLBQpBX7aPddzJN	https://lh3.googleusercontent.com/d/17L-aU7ky7jE3-lsrpoLBQpBX7aPddzJN=w2200	/images/17L-aU7ky7jE3-lsrpoLBQpBX7aPddzJN.jpg	/images/17L-aU7ky7jE3-lsrpoLBQpBX7aPddzJN.jpg			94	309
windows-64	windows		image	Saint Louis	US	38.6264256	-90.1995853	window_photo	windows,image,photo	1oTu39Gz4hf-lkg7zecotQH59yu-txPTV	https://lh3.googleusercontent.com/d/1oTu39Gz4hf-lkg7zecotQH59yu-txPTV=w2200	/images/1oTu39Gz4hf-lkg7zecotQH59yu-txPTV.jpg	/images/1oTu39Gz4hf-lkg7zecotQH59yu-txPTV.jpg			95	310
broken-93-image	broken	broken-93	image	Saint Louis	US	38.6264256	-90.1995853	window_photo	broken,image,window	1oTu39Gz4hf-lkg7zecotQH59yu-txPTV	https://lh3.googleusercontent.com/d/1oTu39Gz4hf-lkg7zecotQH59yu-txPTV=w2200	/images/1oTu39Gz4hf-lkg7zecotQH59yu-txPTV.jpg	/images/1oTu39Gz4hf-lkg7zecotQH59yu-txPTV.jpg			95	311
broken-93-text	broken	broken-93	text	Louisiana	US	30.8703881	-92.007126	street	broken,text,description,street					NUMBER OF BUILDINGS,CLOUDED SKY,ROOF TOP,CARS		95	312
broken-93-drawing	broken	broken-93	drawing	TEXARKANA				drawing_response	broken,image,drawing	1HFS4MLTzdd8k9P6Lq4Tweaj4Z-c3DJVa	https://lh3.googleusercontent.com/d/1HFS4MLTzdd8k9P6Lq4Tweaj4Z-c3DJVa=w2200	/images/1HFS4MLTzdd8k9P6Lq4Tweaj4Z-c3DJVa.jpg	/images/1HFS4MLTzdd8k9P6Lq4Tweaj4Z-c3DJVa.jpg			95	313
windows-65	windows		image	Buckeye	US	33.3703197	-112.583776	window_photo	windows,image,photo	1aRBo3-z5uOYzqAcr_LkGXlwKb1feSa74	https://lh3.googleusercontent.com/d/1aRBo3-z5uOYzqAcr_LkGXlwKb1feSa74=w2200	/images/1aRBo3-z5uOYzqAcr_LkGXlwKb1feSa74.jpg	/images/1aRBo3-z5uOYzqAcr_LkGXlwKb1feSa74.jpg			96	314
broken-94-image	broken	broken-94	image	Buckeye	US	33.3703197	-112.583776	window_photo	broken,image,window	1aRBo3-z5uOYzqAcr_LkGXlwKb1feSa74	https://lh3.googleusercontent.com/d/1aRBo3-z5uOYzqAcr_LkGXlwKb1feSa74=w2200	/images/1aRBo3-z5uOYzqAcr_LkGXlwKb1feSa74.jpg	/images/1aRBo3-z5uOYzqAcr_LkGXlwKb1feSa74.jpg			96	315
broken-94-text	broken	broken-94	text	United States	US	39.7837304	-100.445882	description	broken,text,description,description					NICE PHOTOS		96	316
broken-94-drawing	broken	broken-94	drawing	Cagliari				drawing_response	broken,image,drawing	1VB779HbBsSM364GvoehkSKFTc1oVsfCS	https://lh3.googleusercontent.com/d/1VB779HbBsSM364GvoehkSKFTc1oVsfCS=w2200	/images/1VB779HbBsSM364GvoehkSKFTc1oVsfCS.jpg	/images/1VB779HbBsSM364GvoehkSKFTc1oVsfCS.jpg			96	317
broken-95-image	broken	broken-95	image	Buckeye	US	33.3703197	-112.583776	window_photo	broken,image,window	1aRBo3-z5uOYzqAcr_LkGXlwKb1feSa74	https://lh3.googleusercontent.com/d/1aRBo3-z5uOYzqAcr_LkGXlwKb1feSa74=w2200	/images/1aRBo3-z5uOYzqAcr_LkGXlwKb1feSa74.jpg	/images/1aRBo3-z5uOYzqAcr_LkGXlwKb1feSa74.jpg			97	318
broken-95-text	broken	broken-95	text	United States	US	39.7837304	-100.445882	description	broken,text,description,description					NICE PHOTO		97	319
broken-95-drawing	broken	broken-95	drawing	new york				drawing_response	broken,image,drawing	1EbQKqo15EzhvGapwBTeL7qmERBQesK9C	https://lh3.googleusercontent.com/d/1EbQKqo15EzhvGapwBTeL7qmERBQesK9C=w2200	/images/1EbQKqo15EzhvGapwBTeL7qmERBQesK9C.png	/images/1EbQKqo15EzhvGapwBTeL7qmERBQesK9C.png			97	320
broken-96-image	broken	broken-96	image	Buckeye	US	33.3703197	-112.583776	window_photo	broken,image,window	1aRBo3-z5uOYzqAcr_LkGXlwKb1feSa74	https://lh3.googleusercontent.com/d/1aRBo3-z5uOYzqAcr_LkGXlwKb1feSa74=w2200	/images/1aRBo3-z5uOYzqAcr_LkGXlwKb1feSa74.jpg	/images/1aRBo3-z5uOYzqAcr_LkGXlwKb1feSa74.jpg			98	321
broken-96-text	broken	broken-96	text	Texas	US	31.2638905	-98.5456116	description	broken,text,description,description					VERY NICE		98	322
windows-66	windows		image	Oakland	US	37.8044557	-122.2713563	window_photo	windows,image,photo	1qo3qGN8p2SHQglJIq71A7_wdudcOWASy	https://lh3.googleusercontent.com/d/1qo3qGN8p2SHQglJIq71A7_wdudcOWASy=w2200	/images/1qo3qGN8p2SHQglJIq71A7_wdudcOWASy.jpg	/images/1qo3qGN8p2SHQglJIq71A7_wdudcOWASy.jpg			99	323
broken-97-image	broken	broken-97	image	Oakland	US	37.8044557	-122.2713563	window_photo	broken,image,window	1qo3qGN8p2SHQglJIq71A7_wdudcOWASy	https://lh3.googleusercontent.com/d/1qo3qGN8p2SHQglJIq71A7_wdudcOWASy=w2200	/images/1qo3qGN8p2SHQglJIq71A7_wdudcOWASy.jpg	/images/1qo3qGN8p2SHQglJIq71A7_wdudcOWASy.jpg			99	324
broken-97-text	broken	broken-97	text	Georgia	US	32.3293809	-83.1137366	nature	broken,text,description,nature					window outside some tree branches and sky		99	325
broken-97-drawing	broken	broken-97	drawing	Lakeland				drawing_response	broken,image,drawing	1hJ3935ttj8lD42mgb_p72q1cPXJf_OCU	https://lh3.googleusercontent.com/d/1hJ3935ttj8lD42mgb_p72q1cPXJf_OCU=w2200	/images/1hJ3935ttj8lD42mgb_p72q1cPXJf_OCU.jpg	/images/1hJ3935ttj8lD42mgb_p72q1cPXJf_OCU.jpg			99	326
windows-67	windows		image	Silverton	US	45.0049305	-122.7832947	window_photo	windows,image,photo	1SbcLznUmIJPi5rrchz6e_uILrHyJwqBo	https://lh3.googleusercontent.com/d/1SbcLznUmIJPi5rrchz6e_uILrHyJwqBo=w2200	/images/1SbcLznUmIJPi5rrchz6e_uILrHyJwqBo.jpg	/images/1SbcLznUmIJPi5rrchz6e_uILrHyJwqBo.jpg			100	327
broken-98-image	broken	broken-98	image	Silverton	US	45.0049305	-122.7832947	window_photo	broken,image,window	1SbcLznUmIJPi5rrchz6e_uILrHyJwqBo	https://lh3.googleusercontent.com/d/1SbcLznUmIJPi5rrchz6e_uILrHyJwqBo=w2200	/images/1SbcLznUmIJPi5rrchz6e_uILrHyJwqBo.jpg	/images/1SbcLznUmIJPi5rrchz6e_uILrHyJwqBo.jpg			100	328
broken-98-text	broken	broken-98	text	Connecticut	US	41.6500201	-72.7342163	nature	broken,text,description,nature					The net and tree and the post lamps.		100	329
broken-98-drawing	broken	broken-98	drawing	Cagliari				drawing_response	broken,image,drawing	1HILPIGZAjRyUu8zbzk6-Dul0VGCtzuuN	https://lh3.googleusercontent.com/d/1HILPIGZAjRyUu8zbzk6-Dul0VGCtzuuN=w2200	/images/1HILPIGZAjRyUu8zbzk6-Dul0VGCtzuuN.jpg	/images/1HILPIGZAjRyUu8zbzk6-Dul0VGCtzuuN.jpg			100	330
windows-68	windows		image	Kochi	IN	9.931308	76.2674136	window_photo	windows,image,photo	1ZQ1ww-mbq1DN1z5nQGSbsM-_roiQ-I8v	https://lh3.googleusercontent.com/d/1ZQ1ww-mbq1DN1z5nQGSbsM-_roiQ-I8v=w2200	/images/1ZQ1ww-mbq1DN1z5nQGSbsM-_roiQ-I8v.jpg	/images/1ZQ1ww-mbq1DN1z5nQGSbsM-_roiQ-I8v.jpg			101	331
broken-99-image	broken	broken-99	image	Kochi	IN	9.931308	76.2674136	window_photo	broken,image,window	1ZQ1ww-mbq1DN1z5nQGSbsM-_roiQ-I8v	https://lh3.googleusercontent.com/d/1ZQ1ww-mbq1DN1z5nQGSbsM-_roiQ-I8v=w2200	/images/1ZQ1ww-mbq1DN1z5nQGSbsM-_roiQ-I8v.jpg	/images/1ZQ1ww-mbq1DN1z5nQGSbsM-_roiQ-I8v.jpg			101	332
broken-99-text	broken	broken-99	text	دهستان سررودشمالی	IR	30.70271775	51.54780095	description	broken,text,description,description					GREEN PLANTS ARE TERMED AS A BOARD ASSEMBLADGE OF PHOTOSYNTHETIC		101	333
windows-69	windows		image	Eugene	US	44.0505054	-123.0950506	window_photo	windows,image,photo	1LmxZb5fF2SBLK3QmtCG7ckDah-_NhKCn	https://lh3.googleusercontent.com/d/1LmxZb5fF2SBLK3QmtCG7ckDah-_NhKCn=w2200	/images/1LmxZb5fF2SBLK3QmtCG7ckDah-_NhKCn.jpg	/images/1LmxZb5fF2SBLK3QmtCG7ckDah-_NhKCn.jpg			102	334
broken-100-image	broken	broken-100	image	Eugene	US	44.0505054	-123.0950506	window_photo	broken,image,window	1LmxZb5fF2SBLK3QmtCG7ckDah-_NhKCn	https://lh3.googleusercontent.com/d/1LmxZb5fF2SBLK3QmtCG7ckDah-_NhKCn=w2200	/images/1LmxZb5fF2SBLK3QmtCG7ckDah-_NhKCn.jpg	/images/1LmxZb5fF2SBLK3QmtCG7ckDah-_NhKCn.jpg			102	335
broken-100-text	broken	broken-100	text	Chennai	IN	13.0836939	80.270186	description	broken,text,description,description					i think this is field area.		102	336
broken-101-image	broken	broken-101	image	Eugene	US	44.0505054	-123.0950506	window_photo	broken,image,window	1LmxZb5fF2SBLK3QmtCG7ckDah-_NhKCn	https://lh3.googleusercontent.com/d/1LmxZb5fF2SBLK3QmtCG7ckDah-_NhKCn=w2200	/images/1LmxZb5fF2SBLK3QmtCG7ckDah-_NhKCn.jpg	/images/1LmxZb5fF2SBLK3QmtCG7ckDah-_NhKCn.jpg			103	337
broken-101-text	broken	broken-101	text	United States	US	39.7837304	-100.445882	nature	broken,text,description,nature					the natural scene is very wonderful the grasses also looks excellent it gives very chill to eyes		103	338
broken-102-image	broken	broken-102	image	Eugene	US	44.0505054	-123.0950506	window_photo	broken,image,window	1LmxZb5fF2SBLK3QmtCG7ckDah-_NhKCn	https://lh3.googleusercontent.com/d/1LmxZb5fF2SBLK3QmtCG7ckDah-_NhKCn=w2200	/images/1LmxZb5fF2SBLK3QmtCG7ckDah-_NhKCn.jpg	/images/1LmxZb5fF2SBLK3QmtCG7ckDah-_NhKCn.jpg			104	339
broken-102-text	broken	broken-102	text	South Australia	AU	-34.4100885	138.8321181	description	broken,text,description,description					FLAT		104	340
windows-70	windows		image	Paesana	IT	44.6845642	7.2738406	window_photo	windows,image,photo	168BHo_YaN7c4j0mH506n9DDP_ohx7MB3	https://lh3.googleusercontent.com/d/168BHo_YaN7c4j0mH506n9DDP_ohx7MB3=w2200	/images/168BHo_YaN7c4j0mH506n9DDP_ohx7MB3.jpg	/images/168BHo_YaN7c4j0mH506n9DDP_ohx7MB3.jpg			105	341
broken-103-image	broken	broken-103	image	Paesana	IT	44.6845642	7.2738406	window_photo	broken,image,window	168BHo_YaN7c4j0mH506n9DDP_ohx7MB3	https://lh3.googleusercontent.com/d/168BHo_YaN7c4j0mH506n9DDP_ohx7MB3=w2200	/images/168BHo_YaN7c4j0mH506n9DDP_ohx7MB3.jpg	/images/168BHo_YaN7c4j0mH506n9DDP_ohx7MB3.jpg			105	342
broken-103-text	broken	broken-103	text	Belagavi	IN	15.8572666	74.5069343	nature	broken,text,description,nature					The dog is standing below the tree and a lot dry leaves spread on the ground.		105	343
windows-71	windows		image	Overland Park	US	38.9742502	-94.6851702	window_photo	windows,image,photo	1OQ2fw9kCRWGYVK6kOTc98Ke1De4tfmg8	https://lh3.googleusercontent.com/d/1OQ2fw9kCRWGYVK6kOTc98Ke1De4tfmg8=w2200	/images/1OQ2fw9kCRWGYVK6kOTc98Ke1De4tfmg8.jpg	/images/1OQ2fw9kCRWGYVK6kOTc98Ke1De4tfmg8.jpg			106	344
broken-104-image	broken	broken-104	image	Overland Park	US	38.9742502	-94.6851702	window_photo	broken,image,window	1OQ2fw9kCRWGYVK6kOTc98Ke1De4tfmg8	https://lh3.googleusercontent.com/d/1OQ2fw9kCRWGYVK6kOTc98Ke1De4tfmg8=w2200	/images/1OQ2fw9kCRWGYVK6kOTc98Ke1De4tfmg8.jpg	/images/1OQ2fw9kCRWGYVK6kOTc98Ke1De4tfmg8.jpg			106	345
broken-104-text	broken	broken-104	text	Paris	FR	48.8682088	2.3014586	description	broken,text,description,description					AM SEEING WINDOES IN THE PICTURE		106	346
broken-105-image	broken	broken-105	image	Overland Park	US	38.9742502	-94.6851702	window_photo	broken,image,window	1OQ2fw9kCRWGYVK6kOTc98Ke1De4tfmg8	https://lh3.googleusercontent.com/d/1OQ2fw9kCRWGYVK6kOTc98Ke1De4tfmg8=w2200	/images/1OQ2fw9kCRWGYVK6kOTc98Ke1De4tfmg8.jpg	/images/1OQ2fw9kCRWGYVK6kOTc98Ke1De4tfmg8.jpg			107	347
broken-105-text	broken	broken-105	text	Wisconsin	US	44.4308975	-89.6884637	urban	broken,text,description,urban					i can see a house in the opposite to me		107	348
windows-72	windows		image	Morgantown	US	39.6296809	-79.9559437	window_photo	windows,image,photo	1VS5ncREkYjFLyK93B8hrvw0XMe2tZFPV	https://lh3.googleusercontent.com/d/1VS5ncREkYjFLyK93B8hrvw0XMe2tZFPV=w2200	/images/1VS5ncREkYjFLyK93B8hrvw0XMe2tZFPV.jpg	/images/1VS5ncREkYjFLyK93B8hrvw0XMe2tZFPV.jpg			108	349
broken-106-image	broken	broken-106	image	Morgantown	US	39.6296809	-79.9559437	window_photo	broken,image,window	1VS5ncREkYjFLyK93B8hrvw0XMe2tZFPV	https://lh3.googleusercontent.com/d/1VS5ncREkYjFLyK93B8hrvw0XMe2tZFPV=w2200	/images/1VS5ncREkYjFLyK93B8hrvw0XMe2tZFPV.jpg	/images/1VS5ncREkYjFLyK93B8hrvw0XMe2tZFPV.jpg			108	350
broken-106-text	broken	broken-106	text	Chennai	IN	13.0836939	80.270186	urban	broken,text,description,urban					i think this is village side area. the window view is nice.		108	351
broken-106-drawing	broken	broken-106	drawing	texas				drawing_response	broken,image,drawing	1Zep2kDsOV6o8JiD-oxCLXbAL5_WnLiCG	https://lh3.googleusercontent.com/d/1Zep2kDsOV6o8JiD-oxCLXbAL5_WnLiCG=w2200	/images/1Zep2kDsOV6o8JiD-oxCLXbAL5_WnLiCG.jpg	/images/1Zep2kDsOV6o8JiD-oxCLXbAL5_WnLiCG.jpg			108	352
windows-73	windows		image	Owenton	US	38.536456	-84.8418926	window_photo	windows,image,photo	1AZV3aUyRJzpEGbb81n0AwVkoz0miCOKx	https://lh3.googleusercontent.com/d/1AZV3aUyRJzpEGbb81n0AwVkoz0miCOKx=w2200	/images/1AZV3aUyRJzpEGbb81n0AwVkoz0miCOKx.jpg	/images/1AZV3aUyRJzpEGbb81n0AwVkoz0miCOKx.jpg			109	353
broken-107-image	broken	broken-107	image	Owenton	US	38.536456	-84.8418926	window_photo	broken,image,window	1AZV3aUyRJzpEGbb81n0AwVkoz0miCOKx	https://lh3.googleusercontent.com/d/1AZV3aUyRJzpEGbb81n0AwVkoz0miCOKx=w2200	/images/1AZV3aUyRJzpEGbb81n0AwVkoz0miCOKx.jpg	/images/1AZV3aUyRJzpEGbb81n0AwVkoz0miCOKx.jpg			109	354
broken-107-text	broken	broken-107	text	Connecticut	US	41.6500201	-72.7342163	nature	broken,text,description,nature					a complete natural scenery which consists of a house and car parking. and a beautiful lawn.		109	355
broken-107-drawing	broken	broken-107	drawing	chennai				drawing_response	broken,image,drawing	1TmRIdAPyVt5kVsTK9fNsEHWkZwb9pQYQ	https://lh3.googleusercontent.com/d/1TmRIdAPyVt5kVsTK9fNsEHWkZwb9pQYQ=w2200	/images/1TmRIdAPyVt5kVsTK9fNsEHWkZwb9pQYQ.jpg	/images/1TmRIdAPyVt5kVsTK9fNsEHWkZwb9pQYQ.jpg			109	356
broken-108-image	broken	broken-108	image	Owenton	US	38.536456	-84.8418926	window_photo	broken,image,window	1AZV3aUyRJzpEGbb81n0AwVkoz0miCOKx	https://lh3.googleusercontent.com/d/1AZV3aUyRJzpEGbb81n0AwVkoz0miCOKx=w2200	/images/1AZV3aUyRJzpEGbb81n0AwVkoz0miCOKx.jpg	/images/1AZV3aUyRJzpEGbb81n0AwVkoz0miCOKx.jpg			110	357
broken-108-text	broken	broken-108	text	Connecticut	US	41.6500201	-72.7342163	nature	broken,text,description,nature					a complete natural scenery which consists of a house and car parking. and a beautiful lawn.		110	358
broken-108-drawing	broken	broken-108	drawing	bradford				drawing_response	broken,image,drawing	1PzOGWTmqlYY2qqZhFLkp0HDx2W3vvYqp	https://lh3.googleusercontent.com/d/1PzOGWTmqlYY2qqZhFLkp0HDx2W3vvYqp=w2200	/images/1PzOGWTmqlYY2qqZhFLkp0HDx2W3vvYqp.jpg	/images/1PzOGWTmqlYY2qqZhFLkp0HDx2W3vvYqp.jpg			110	359
windows-74	windows		image	Knoxville	US	35.9603948	-83.9210261	window_photo	windows,image,photo	1rIMqXhJVxFerDpt87xVVSNMjAQYf5iIL	https://lh3.googleusercontent.com/d/1rIMqXhJVxFerDpt87xVVSNMjAQYf5iIL=w2200	/images/1rIMqXhJVxFerDpt87xVVSNMjAQYf5iIL.jpg	/images/1rIMqXhJVxFerDpt87xVVSNMjAQYf5iIL.jpg			111	360
broken-109-image	broken	broken-109	image	Knoxville	US	35.9603948	-83.9210261	window_photo	broken,image,window	1rIMqXhJVxFerDpt87xVVSNMjAQYf5iIL	https://lh3.googleusercontent.com/d/1rIMqXhJVxFerDpt87xVVSNMjAQYf5iIL=w2200	/images/1rIMqXhJVxFerDpt87xVVSNMjAQYf5iIL.jpg	/images/1rIMqXhJVxFerDpt87xVVSNMjAQYf5iIL.jpg			111	361
broken-109-text	broken	broken-109	text	United States	US	39.7837304	-100.445882	description	broken,text,description,description					NICE PHOTO		111	362
broken-110-image	broken	broken-110	image	Knoxville	US	35.9603948	-83.9210261	window_photo	broken,image,window	1rIMqXhJVxFerDpt87xVVSNMjAQYf5iIL	https://lh3.googleusercontent.com/d/1rIMqXhJVxFerDpt87xVVSNMjAQYf5iIL=w2200	/images/1rIMqXhJVxFerDpt87xVVSNMjAQYf5iIL.jpg	/images/1rIMqXhJVxFerDpt87xVVSNMjAQYf5iIL.jpg			112	363
broken-110-text	broken	broken-110	text	Ohio	US	40.2253569	-82.6881395	nature	broken,text,description,nature					Garden		112	364
broken-110-drawing	broken	broken-110	drawing	Rochester				drawing_response	broken,image,drawing	12AAfRaDsybCcdwMst2k1dzWB3w0kOAa3	https://lh3.googleusercontent.com/d/12AAfRaDsybCcdwMst2k1dzWB3w0kOAa3=w2200	/images/12AAfRaDsybCcdwMst2k1dzWB3w0kOAa3.jpg	/images/12AAfRaDsybCcdwMst2k1dzWB3w0kOAa3.jpg			112	365
broken-111-image	broken	broken-111	image	Knoxville	US	35.9603948	-83.9210261	window_photo	broken,image,window	1rIMqXhJVxFerDpt87xVVSNMjAQYf5iIL	https://lh3.googleusercontent.com/d/1rIMqXhJVxFerDpt87xVVSNMjAQYf5iIL=w2200	/images/1rIMqXhJVxFerDpt87xVVSNMjAQYf5iIL.jpg	/images/1rIMqXhJVxFerDpt87xVVSNMjAQYf5iIL.jpg			113	366
broken-111-text	broken	broken-111	text	Texas	US	31.2638905	-98.5456116	nature	broken,text,description,nature					nature garden		113	367
broken-111-drawing	broken	broken-111	drawing	Brazil				drawing_response	broken,image,drawing	1DGXE8Oeczz4Y9JgbNZisqBdbC9pWCJFn	https://lh3.googleusercontent.com/d/1DGXE8Oeczz4Y9JgbNZisqBdbC9pWCJFn=w2200	/images/1DGXE8Oeczz4Y9JgbNZisqBdbC9pWCJFn.jpg	/images/1DGXE8Oeczz4Y9JgbNZisqBdbC9pWCJFn.jpg			113	368
windows-75	windows		image	Tucson	US	32.2228765	-110.9748477	window_photo	windows,image,photo	1vXqGhm5Cx6_M2r5ZT6pf0e5nud-hDtid	https://lh3.googleusercontent.com/d/1vXqGhm5Cx6_M2r5ZT6pf0e5nud-hDtid=w2200	/images/1vXqGhm5Cx6_M2r5ZT6pf0e5nud-hDtid.jpg	/images/1vXqGhm5Cx6_M2r5ZT6pf0e5nud-hDtid.jpg			114	369
broken-112-image	broken	broken-112	image	Tucson	US	32.2228765	-110.9748477	window_photo	broken,image,window	1vXqGhm5Cx6_M2r5ZT6pf0e5nud-hDtid	https://lh3.googleusercontent.com/d/1vXqGhm5Cx6_M2r5ZT6pf0e5nud-hDtid=w2200	/images/1vXqGhm5Cx6_M2r5ZT6pf0e5nud-hDtid.jpg	/images/1vXqGhm5Cx6_M2r5ZT6pf0e5nud-hDtid.jpg			114	370
broken-112-text	broken	broken-112	text	California	US	36.7014631	-118.755997	urban	broken,text,description,urban					This photo describe about there is compound or entrance near by the window.		114	371
broken-112-drawing	broken	broken-112	drawing	Marlow	OK			drawing_response	broken,image,drawing	18uoQTbcNffvIfhVLgWOilpdmwvKvhWH-	https://lh3.googleusercontent.com/d/18uoQTbcNffvIfhVLgWOilpdmwvKvhWH-=w2200	/images/18uoQTbcNffvIfhVLgWOilpdmwvKvhWH-.jpg	/images/18uoQTbcNffvIfhVLgWOilpdmwvKvhWH-.jpg			114	372
windows-76	windows		image	Kuala Lumpur	MY	3.1516964	101.6942371	window_photo	windows,image,photo	1_vTM9qBnjfUu2XrffgPHgbj6WRA795uq	https://lh3.googleusercontent.com/d/1_vTM9qBnjfUu2XrffgPHgbj6WRA795uq=w2200	/images/1_vTM9qBnjfUu2XrffgPHgbj6WRA795uq.jpg	/images/1_vTM9qBnjfUu2XrffgPHgbj6WRA795uq.jpg			115	373
broken-113-image	broken	broken-113	image	Kuala Lumpur	MY	3.1516964	101.6942371	window_photo	broken,image,window	1_vTM9qBnjfUu2XrffgPHgbj6WRA795uq	https://lh3.googleusercontent.com/d/1_vTM9qBnjfUu2XrffgPHgbj6WRA795uq=w2200	/images/1_vTM9qBnjfUu2XrffgPHgbj6WRA795uq.jpg	/images/1_vTM9qBnjfUu2XrffgPHgbj6WRA795uq.jpg			115	374
broken-113-text	broken	broken-113	text	Milwaukee	US	43.0349931	-87.922497	nature	broken,text,description,nature					It is car parking area on the downside and back to them there are lot of buildings.		115	375
windows-77	windows		image	Burgaw	US	34.5521113	-77.926098	window_photo	windows,image,photo	1_4CmMUd-BNycg_GPkguO4KT1wQLobp-u	https://lh3.googleusercontent.com/d/1_4CmMUd-BNycg_GPkguO4KT1wQLobp-u=w2200	/images/1_4CmMUd-BNycg_GPkguO4KT1wQLobp-u.jpg	/images/1_4CmMUd-BNycg_GPkguO4KT1wQLobp-u.jpg			116	376
broken-114-image	broken	broken-114	image	Burgaw	US	34.5521113	-77.926098	window_photo	broken,image,window	1_4CmMUd-BNycg_GPkguO4KT1wQLobp-u	https://lh3.googleusercontent.com/d/1_4CmMUd-BNycg_GPkguO4KT1wQLobp-u=w2200	/images/1_4CmMUd-BNycg_GPkguO4KT1wQLobp-u.jpg	/images/1_4CmMUd-BNycg_GPkguO4KT1wQLobp-u.jpg			116	377
broken-114-text	broken	broken-114	text	California	US	36.7014631	-118.755997	urban	broken,text,description,urban					this picture shows entrance of beautiful house.looks very greenish.		116	378
broken-114-drawing	broken	broken-114	drawing	MORGANTOWN				drawing_response	broken,image,drawing	1Ea-k0ONKt2SHOImzWDAgT744QqvvSwv2	https://lh3.googleusercontent.com/d/1Ea-k0ONKt2SHOImzWDAgT744QqvvSwv2=w2200	/images/1Ea-k0ONKt2SHOImzWDAgT744QqvvSwv2.jpg	/images/1Ea-k0ONKt2SHOImzWDAgT744QqvvSwv2.jpg			116	379
windows-78	windows		image	Varanasi	IN	25.3356491	83.0076292	window_photo	windows,image,photo	1pyeQnGa8rfkUyzy1QjQpYyjl-gRIYxJY	https://lh3.googleusercontent.com/d/1pyeQnGa8rfkUyzy1QjQpYyjl-gRIYxJY=w2200	/images/1pyeQnGa8rfkUyzy1QjQpYyjl-gRIYxJY.jpg	/images/1pyeQnGa8rfkUyzy1QjQpYyjl-gRIYxJY.jpg			117	380
broken-115-image	broken	broken-115	image	Varanasi	IN	25.3356491	83.0076292	window_photo	broken,image,window	1pyeQnGa8rfkUyzy1QjQpYyjl-gRIYxJY	https://lh3.googleusercontent.com/d/1pyeQnGa8rfkUyzy1QjQpYyjl-gRIYxJY=w2200	/images/1pyeQnGa8rfkUyzy1QjQpYyjl-gRIYxJY.jpg	/images/1pyeQnGa8rfkUyzy1QjQpYyjl-gRIYxJY.jpg			117	381
broken-115-text	broken	broken-115	text	Louisiana	US	30.8703881	-92.007126	street	broken,text,description,street					I see a beautiful day after sun set which i wish to had in my life and the road is not filled with a lot of people		117	382
broken-115-drawing	broken	broken-115	drawing	Zaragoza	SPAIN			drawing_response	broken,image,drawing	1sqik7Z0E0grzY8uOkub0ayNEuqb5PToI	https://lh3.googleusercontent.com/d/1sqik7Z0E0grzY8uOkub0ayNEuqb5PToI=w2200	/images/1sqik7Z0E0grzY8uOkub0ayNEuqb5PToI.jpg	/images/1sqik7Z0E0grzY8uOkub0ayNEuqb5PToI.jpg			117	383
windows-79	windows		image	Chennai	IN	13.0836939	80.270186	window_photo	windows,image,photo	1riHTP7ccR1H2Gx1WYsG76RBg3_-wjsaB	https://lh3.googleusercontent.com/d/1riHTP7ccR1H2Gx1WYsG76RBg3_-wjsaB=w2200	/images/1riHTP7ccR1H2Gx1WYsG76RBg3_-wjsaB.jpg	/images/1riHTP7ccR1H2Gx1WYsG76RBg3_-wjsaB.jpg			118	384
broken-116-image	broken	broken-116	image	Chennai	IN	13.0836939	80.270186	window_photo	broken,image,window	1riHTP7ccR1H2Gx1WYsG76RBg3_-wjsaB	https://lh3.googleusercontent.com/d/1riHTP7ccR1H2Gx1WYsG76RBg3_-wjsaB=w2200	/images/1riHTP7ccR1H2Gx1WYsG76RBg3_-wjsaB.jpg	/images/1riHTP7ccR1H2Gx1WYsG76RBg3_-wjsaB.jpg			118	385
broken-116-text	broken	broken-116	text	Rio de Janeiro	BR	-22.9110137	-43.2093727	urban	broken,text,description,urban					a window with several white stickers around it		118	386
broken-116-drawing	broken	broken-116	drawing	Campinas	BRAZIL			drawing_response	broken,image,drawing	1gIBCCc8e6nMp0B-odb8Z-20juM895s0b	https://lh3.googleusercontent.com/d/1gIBCCc8e6nMp0B-odb8Z-20juM895s0b=w2200	/images/1gIBCCc8e6nMp0B-odb8Z-20juM895s0b.jpg	/images/1gIBCCc8e6nMp0B-odb8Z-20juM895s0b.jpg			118	387
windows-80	windows		image	Mumbai	IN	19.0785451	72.878176	window_photo	windows,image,photo	1NdDR8hWPc1b0fWU6Vgp-wHL3BADyucyH	https://lh3.googleusercontent.com/d/1NdDR8hWPc1b0fWU6Vgp-wHL3BADyucyH=w2200	/images/1NdDR8hWPc1b0fWU6Vgp-wHL3BADyucyH.jpg	/images/1NdDR8hWPc1b0fWU6Vgp-wHL3BADyucyH.jpg			119	388
broken-117-image	broken	broken-117	image	Mumbai	IN	19.0785451	72.878176	window_photo	broken,image,window	1NdDR8hWPc1b0fWU6Vgp-wHL3BADyucyH	https://lh3.googleusercontent.com/d/1NdDR8hWPc1b0fWU6Vgp-wHL3BADyucyH=w2200	/images/1NdDR8hWPc1b0fWU6Vgp-wHL3BADyucyH.jpg	/images/1NdDR8hWPc1b0fWU6Vgp-wHL3BADyucyH.jpg			119	389
broken-117-text	broken	broken-117	text	West Virginia	US	38.4758406	-80.8408415	street	broken,text,description,street					this photo has been taken from a balcony of a house. two men were walking on the road		119	390
broken-117-drawing	broken	broken-117	drawing	Martinsville				drawing_response	broken,image,drawing	1q2R8ss_7ybnk6VI0KiNobCDwFD60__l-	https://lh3.googleusercontent.com/d/1q2R8ss_7ybnk6VI0KiNobCDwFD60__l-=w2200	/images/1q2R8ss_7ybnk6VI0KiNobCDwFD60__l-.jpg	/images/1q2R8ss_7ybnk6VI0KiNobCDwFD60__l-.jpg			119	391
windows-81	windows		image	Napoli	IT	40.8358846	14.2487679	window_photo	windows,image,photo	1-fXILtkuPalD5aXwaq7tUJiRe-2Hm33-	https://lh3.googleusercontent.com/d/1-fXILtkuPalD5aXwaq7tUJiRe-2Hm33-=w2200	/images/1-fXILtkuPalD5aXwaq7tUJiRe-2Hm33-.jpg	/images/1-fXILtkuPalD5aXwaq7tUJiRe-2Hm33-.jpg			120	392
broken-118-image	broken	broken-118	image	Napoli	IT	40.8358846	14.2487679	window_photo	broken,image,window	1-fXILtkuPalD5aXwaq7tUJiRe-2Hm33-	https://lh3.googleusercontent.com/d/1-fXILtkuPalD5aXwaq7tUJiRe-2Hm33-=w2200	/images/1-fXILtkuPalD5aXwaq7tUJiRe-2Hm33-.jpg	/images/1-fXILtkuPalD5aXwaq7tUJiRe-2Hm33-.jpg			120	393
broken-118-text	broken	broken-118	text	Rio de Janeiro	BR	-22.9110137	-43.2093727	street	broken,text,description,street					an old house with some cars in front		120	394
broken-118-drawing	broken	broken-118	drawing	WHITTIER				drawing_response	broken,image,drawing	1L5osntkzDGBehasyiHqoVQBgKAJqGpjo	https://lh3.googleusercontent.com/d/1L5osntkzDGBehasyiHqoVQBgKAJqGpjo=w2200	/images/1L5osntkzDGBehasyiHqoVQBgKAJqGpjo.jpg	/images/1L5osntkzDGBehasyiHqoVQBgKAJqGpjo.jpg			120	395
windows-82	windows		image	Morgantown	US	39.6296809	-79.9559437	window_photo	windows,image,photo	1VkP7Vt7Z_gQqN3gZQqijiGtP1KafQ4FW	https://lh3.googleusercontent.com/d/1VkP7Vt7Z_gQqN3gZQqijiGtP1KafQ4FW=w2200	/images/1VkP7Vt7Z_gQqN3gZQqijiGtP1KafQ4FW.jpg	/images/1VkP7Vt7Z_gQqN3gZQqijiGtP1KafQ4FW.jpg			121	396
broken-119-image	broken	broken-119	image	Morgantown	US	39.6296809	-79.9559437	window_photo	broken,image,window	1VkP7Vt7Z_gQqN3gZQqijiGtP1KafQ4FW	https://lh3.googleusercontent.com/d/1VkP7Vt7Z_gQqN3gZQqijiGtP1KafQ4FW=w2200	/images/1VkP7Vt7Z_gQqN3gZQqijiGtP1KafQ4FW.jpg	/images/1VkP7Vt7Z_gQqN3gZQqijiGtP1KafQ4FW.jpg			121	397
broken-119-text	broken	broken-119	text	Arizona	US	34.395342	-111.763275	nature	broken,text,description,nature					isee red car parked and green trees in backside of the car		121	398
broken-119-drawing	broken	broken-119	drawing	Marlow	OK			drawing_response	broken,image,drawing	18uoQTbcNffvIfhVLgWOilpdmwvKvhWH-	https://lh3.googleusercontent.com/d/18uoQTbcNffvIfhVLgWOilpdmwvKvhWH-=w2200	/images/18uoQTbcNffvIfhVLgWOilpdmwvKvhWH-.jpg	/images/18uoQTbcNffvIfhVLgWOilpdmwvKvhWH-.jpg			121	399
broken-120-image	broken	broken-120	image	Morgantown	US	39.6296809	-79.9559437	window_photo	broken,image,window	1VkP7Vt7Z_gQqN3gZQqijiGtP1KafQ4FW	https://lh3.googleusercontent.com/d/1VkP7Vt7Z_gQqN3gZQqijiGtP1KafQ4FW=w2200	/images/1VkP7Vt7Z_gQqN3gZQqijiGtP1KafQ4FW.jpg	/images/1VkP7Vt7Z_gQqN3gZQqijiGtP1KafQ4FW.jpg			122	400
broken-120-text	broken	broken-120	text	Arizona	US	34.395342	-111.763275	nature	broken,text,description,nature					isee red car parked and green trees in backside of the car		122	401
broken-120-drawing	broken	broken-120	drawing	san leandro				drawing_response	broken,image,drawing	1St_NEdAH3IxKoxs2sCpEeHYL6CxOr56k	https://lh3.googleusercontent.com/d/1St_NEdAH3IxKoxs2sCpEeHYL6CxOr56k=w2200	/images/1St_NEdAH3IxKoxs2sCpEeHYL6CxOr56k.jpg	/images/1St_NEdAH3IxKoxs2sCpEeHYL6CxOr56k.jpg			122	402
windows-83	windows		image	Bengaluru	IN	12.9767936	77.590082	window_photo	windows,image,photo	1LDXiH2L5IJiUhBEDR0i5d9ddJ9ZqSR81	https://lh3.googleusercontent.com/d/1LDXiH2L5IJiUhBEDR0i5d9ddJ9ZqSR81=w2200	/images/1LDXiH2L5IJiUhBEDR0i5d9ddJ9ZqSR81.jpg	/images/1LDXiH2L5IJiUhBEDR0i5d9ddJ9ZqSR81.jpg			123	403
broken-121-image	broken	broken-121	image	Bengaluru	IN	12.9767936	77.590082	window_photo	broken,image,window	1LDXiH2L5IJiUhBEDR0i5d9ddJ9ZqSR81	https://lh3.googleusercontent.com/d/1LDXiH2L5IJiUhBEDR0i5d9ddJ9ZqSR81=w2200	/images/1LDXiH2L5IJiUhBEDR0i5d9ddJ9ZqSR81.jpg	/images/1LDXiH2L5IJiUhBEDR0i5d9ddJ9ZqSR81.jpg			123	404
broken-121-text	broken	broken-121	text	Bruceton Mills	US	39.659228	-79.6405867	nature	broken,text,description,nature					Tall skinny trees that almost look like branches coming out of the ground could possibly be the tops of trees, very green. There might be a building in the background through the trees I can see barely.		123	405
broken-121-drawing	broken	broken-121	drawing	Alexandria				drawing_response	broken,image,drawing	1AagSSIBwA32ERiarUKykHwsP6qBlQm49	https://lh3.googleusercontent.com/d/1AagSSIBwA32ERiarUKykHwsP6qBlQm49=w2200	/images/1AagSSIBwA32ERiarUKykHwsP6qBlQm49.jpg	/images/1AagSSIBwA32ERiarUKykHwsP6qBlQm49.jpg			123	406
windows-84	windows		image	Coimbatore	IN	11.0018115	76.9628425	window_photo	windows,image,photo	1bJu9KP9MB238cvMHacNzcx587yckeunG	https://lh3.googleusercontent.com/d/1bJu9KP9MB238cvMHacNzcx587yckeunG=w2200	/images/1bJu9KP9MB238cvMHacNzcx587yckeunG.jpg	/images/1bJu9KP9MB238cvMHacNzcx587yckeunG.jpg			124	407
broken-122-image	broken	broken-122	image	Coimbatore	IN	11.0018115	76.9628425	window_photo	broken,image,window	1bJu9KP9MB238cvMHacNzcx587yckeunG	https://lh3.googleusercontent.com/d/1bJu9KP9MB238cvMHacNzcx587yckeunG=w2200	/images/1bJu9KP9MB238cvMHacNzcx587yckeunG.jpg	/images/1bJu9KP9MB238cvMHacNzcx587yckeunG.jpg			124	408
broken-122-text	broken	broken-122	text	Chennai	IN	13.0836939	80.270186	description	broken,text,description,description					there is a bike		124	409
broken-123-image	broken	broken-123	image	Coimbatore	IN	11.0018115	76.9628425	window_photo	broken,image,window	1bJu9KP9MB238cvMHacNzcx587yckeunG	https://lh3.googleusercontent.com/d/1bJu9KP9MB238cvMHacNzcx587yckeunG=w2200	/images/1bJu9KP9MB238cvMHacNzcx587yckeunG.jpg	/images/1bJu9KP9MB238cvMHacNzcx587yckeunG.jpg			125	410
broken-123-text	broken	broken-123	text	Louisiana	US	30.8703881	-92.007126	nature	broken,text,description,nature					A BIKE AND SOME TREES		125	411
windows-85	windows		image	Coimbatore	IN	11.0018115	76.9628425	window_photo	windows,image,photo	1kmS28Q8D-7OOs-DrHo_cBUZdClyPUdKk	https://lh3.googleusercontent.com/d/1kmS28Q8D-7OOs-DrHo_cBUZdClyPUdKk=w2200	/images/1kmS28Q8D-7OOs-DrHo_cBUZdClyPUdKk.jpg	/images/1kmS28Q8D-7OOs-DrHo_cBUZdClyPUdKk.jpg			126	412
broken-124-image	broken	broken-124	image	Coimbatore	IN	11.0018115	76.9628425	window_photo	broken,image,window	1kmS28Q8D-7OOs-DrHo_cBUZdClyPUdKk	https://lh3.googleusercontent.com/d/1kmS28Q8D-7OOs-DrHo_cBUZdClyPUdKk=w2200	/images/1kmS28Q8D-7OOs-DrHo_cBUZdClyPUdKk.jpg	/images/1kmS28Q8D-7OOs-DrHo_cBUZdClyPUdKk.jpg			126	413
broken-124-text	broken	broken-124	text	Florida	US	27.7567667	-81.4639835	description	broken,text,description,description					A front screen of a computer or laptop		126	414
broken-124-drawing	broken	broken-124	drawing	Cagliari				drawing_response	broken,image,drawing	13NhmTyjaoSvYy4TLvnUUqixN273v4SEn	https://lh3.googleusercontent.com/d/13NhmTyjaoSvYy4TLvnUUqixN273v4SEn=w2200	/images/13NhmTyjaoSvYy4TLvnUUqixN273v4SEn.jpg	/images/13NhmTyjaoSvYy4TLvnUUqixN273v4SEn.jpg			126	415
windows-86	windows		image	Guildford	GB	51.2356068	-0.5732063	window_photo	windows,image,photo	1u6mlLVbT3VKE7VxBoNMhs1sm-lm2OcX9	https://lh3.googleusercontent.com/d/1u6mlLVbT3VKE7VxBoNMhs1sm-lm2OcX9=w2200	/images/1u6mlLVbT3VKE7VxBoNMhs1sm-lm2OcX9.jpg	/images/1u6mlLVbT3VKE7VxBoNMhs1sm-lm2OcX9.jpg			127	416
broken-125-image	broken	broken-125	image	Guildford	GB	51.2356068	-0.5732063	window_photo	broken,image,window	1u6mlLVbT3VKE7VxBoNMhs1sm-lm2OcX9	https://lh3.googleusercontent.com/d/1u6mlLVbT3VKE7VxBoNMhs1sm-lm2OcX9=w2200	/images/1u6mlLVbT3VKE7VxBoNMhs1sm-lm2OcX9.jpg	/images/1u6mlLVbT3VKE7VxBoNMhs1sm-lm2OcX9.jpg			127	417
broken-125-text	broken	broken-125	text	Indiana	US	40.3270127	-86.1746933	nature	broken,text,description,nature					extend Tree in this photo		127	418
broken-125-drawing	broken	broken-125	drawing	Pune				drawing_response	broken,image,drawing	1x_u3fkz3B_pqoEOiZRwoclog-hMuJvfK	https://lh3.googleusercontent.com/d/1x_u3fkz3B_pqoEOiZRwoclog-hMuJvfK=w2200	/images/1x_u3fkz3B_pqoEOiZRwoclog-hMuJvfK.jpg	/images/1x_u3fkz3B_pqoEOiZRwoclog-hMuJvfK.jpg			127	419
broken-126-image	broken	broken-126	image	Guildford	GB	51.2356068	-0.5732063	window_photo	broken,image,window	1u6mlLVbT3VKE7VxBoNMhs1sm-lm2OcX9	https://lh3.googleusercontent.com/d/1u6mlLVbT3VKE7VxBoNMhs1sm-lm2OcX9=w2200	/images/1u6mlLVbT3VKE7VxBoNMhs1sm-lm2OcX9.jpg	/images/1u6mlLVbT3VKE7VxBoNMhs1sm-lm2OcX9.jpg			128	420
broken-126-text	broken	broken-126	text	Louisiana	US	30.8703881	-92.007126	nature	broken,text,description,nature					A BEAUTIFUL HOUSE GARDENING, A DOG HOUSE		128	421
windows-87	windows		image	Thoothukudi	IN	8.8052602	78.1452745	window_photo	windows,image,photo	13gjKaxfSYWhiP2OVBYtzm_I5zCR_MNQG	https://lh3.googleusercontent.com/d/13gjKaxfSYWhiP2OVBYtzm_I5zCR_MNQG=w2200	/images/13gjKaxfSYWhiP2OVBYtzm_I5zCR_MNQG.jpg	/images/13gjKaxfSYWhiP2OVBYtzm_I5zCR_MNQG.jpg			129	422
broken-127-image	broken	broken-127	image	Thoothukudi	IN	8.8052602	78.1452745	window_photo	broken,image,window	13gjKaxfSYWhiP2OVBYtzm_I5zCR_MNQG	https://lh3.googleusercontent.com/d/13gjKaxfSYWhiP2OVBYtzm_I5zCR_MNQG=w2200	/images/13gjKaxfSYWhiP2OVBYtzm_I5zCR_MNQG.jpg	/images/13gjKaxfSYWhiP2OVBYtzm_I5zCR_MNQG.jpg			129	423
broken-127-text	broken	broken-127	text	Louisiana	US	30.8703881	-92.007126	nature	broken,text,description,nature					I SEE A NUMBER OF HOUSE AND TREES THROUGH A WINDOW		129	424
windows-88	windows		image	Bengaluru	IN	12.9767936	77.590082	window_photo	windows,image,photo	1TWKXzvDEMTjDyzUS-uxlAyUCXzkC4y16	https://lh3.googleusercontent.com/d/1TWKXzvDEMTjDyzUS-uxlAyUCXzkC4y16=w2200	/images/1TWKXzvDEMTjDyzUS-uxlAyUCXzkC4y16.jpg	/images/1TWKXzvDEMTjDyzUS-uxlAyUCXzkC4y16.jpg			130	425
broken-128-image	broken	broken-128	image	Bengaluru	IN	12.9767936	77.590082	window_photo	broken,image,window	1TWKXzvDEMTjDyzUS-uxlAyUCXzkC4y16	https://lh3.googleusercontent.com/d/1TWKXzvDEMTjDyzUS-uxlAyUCXzkC4y16=w2200	/images/1TWKXzvDEMTjDyzUS-uxlAyUCXzkC4y16.jpg	/images/1TWKXzvDEMTjDyzUS-uxlAyUCXzkC4y16.jpg			130	426
broken-128-text	broken	broken-128	text	Rio de Janeiro	BR	-22.9110137	-43.2093727	description	broken,text,description,description					balconies with hanging clothes		130	427
windows-89	windows		image	Undefined	IN	11.10684475	76.1099551	window_photo	windows,image,photo	1s5zZaRmvTLKbkaQTmv09_zQHZI1egkPY	https://lh3.googleusercontent.com/d/1s5zZaRmvTLKbkaQTmv09_zQHZI1egkPY=w2200	/images/1s5zZaRmvTLKbkaQTmv09_zQHZI1egkPY.jpg	/images/1s5zZaRmvTLKbkaQTmv09_zQHZI1egkPY.jpg			131	428
broken-129-image	broken	broken-129	image	Undefined	IN	11.10684475	76.1099551	window_photo	broken,image,window	1s5zZaRmvTLKbkaQTmv09_zQHZI1egkPY	https://lh3.googleusercontent.com/d/1s5zZaRmvTLKbkaQTmv09_zQHZI1egkPY=w2200	/images/1s5zZaRmvTLKbkaQTmv09_zQHZI1egkPY.jpg	/images/1s5zZaRmvTLKbkaQTmv09_zQHZI1egkPY.jpg			131	429
broken-129-text	broken	broken-129	text	Rio de Janeiro	BR	-22.9110137	-43.2093727	urban	broken,text,description,urban					a pink roof of a house		131	430
windows-90	windows		image	Jaipur	IN	26.9154576	75.8189817	window_photo	windows,image,photo	1ncbDrQ7P4ruAXq6G41kG6NBjutudvatc	https://lh3.googleusercontent.com/d/1ncbDrQ7P4ruAXq6G41kG6NBjutudvatc=w2200	/images/1ncbDrQ7P4ruAXq6G41kG6NBjutudvatc.jpg	/images/1ncbDrQ7P4ruAXq6G41kG6NBjutudvatc.jpg			132	431
broken-130-image	broken	broken-130	image	Jaipur	IN	26.9154576	75.8189817	window_photo	broken,image,window	1ncbDrQ7P4ruAXq6G41kG6NBjutudvatc	https://lh3.googleusercontent.com/d/1ncbDrQ7P4ruAXq6G41kG6NBjutudvatc=w2200	/images/1ncbDrQ7P4ruAXq6G41kG6NBjutudvatc.jpg	/images/1ncbDrQ7P4ruAXq6G41kG6NBjutudvatc.jpg			132	432
broken-130-text	broken	broken-130	text	Delaware	US	38.6920451	-75.4013315	description	broken,text,description,description					see some bulding see		132	433
broken-130-drawing	broken	broken-130	drawing	Cagliari				drawing_response	broken,image,drawing	1cp6A1MFrK1FNDrlmq26waUJcDcoFjNL1	https://lh3.googleusercontent.com/d/1cp6A1MFrK1FNDrlmq26waUJcDcoFjNL1=w2200	/images/1cp6A1MFrK1FNDrlmq26waUJcDcoFjNL1.jpg	/images/1cp6A1MFrK1FNDrlmq26waUJcDcoFjNL1.jpg			132	434
broken-131-image	broken	broken-131	image	Jaipur	IN	26.9154576	75.8189817	window_photo	broken,image,window	1ncbDrQ7P4ruAXq6G41kG6NBjutudvatc	https://lh3.googleusercontent.com/d/1ncbDrQ7P4ruAXq6G41kG6NBjutudvatc=w2200	/images/1ncbDrQ7P4ruAXq6G41kG6NBjutudvatc.jpg	/images/1ncbDrQ7P4ruAXq6G41kG6NBjutudvatc.jpg			133	435
broken-131-text	broken	broken-131	text	San Diego	US	32.8401623	-117.2740777	description	broken,text,description,description					this is the top of my home to looking down or surrounding		133	436
broken-131-drawing	broken	broken-131	drawing	Lucknow				drawing_response	broken,image,drawing	1IFqaowJXp14hMG8vodfz34iEfClWciXC	https://lh3.googleusercontent.com/d/1IFqaowJXp14hMG8vodfz34iEfClWciXC=w2200	/images/1IFqaowJXp14hMG8vodfz34iEfClWciXC.jpg	/images/1IFqaowJXp14hMG8vodfz34iEfClWciXC.jpg			133	437
windows-91	windows		image	Shillong	IN	25.5760446	91.8825282	window_photo	windows,image,photo	1UfU4sh1Uh25elQThry8jk1BBoB0-QehM	https://lh3.googleusercontent.com/d/1UfU4sh1Uh25elQThry8jk1BBoB0-QehM=w2200	/images/1UfU4sh1Uh25elQThry8jk1BBoB0-QehM.jpg	/images/1UfU4sh1Uh25elQThry8jk1BBoB0-QehM.jpg			134	438
broken-132-image	broken	broken-132	image	Shillong	IN	25.5760446	91.8825282	window_photo	broken,image,window	1UfU4sh1Uh25elQThry8jk1BBoB0-QehM	https://lh3.googleusercontent.com/d/1UfU4sh1Uh25elQThry8jk1BBoB0-QehM=w2200	/images/1UfU4sh1Uh25elQThry8jk1BBoB0-QehM.jpg	/images/1UfU4sh1Uh25elQThry8jk1BBoB0-QehM.jpg			134	439
broken-132-text	broken	broken-132	text	Chennai	IN	13.0836939	80.270186	urban	broken,text,description,urban					window outside building is very bad . its spread the polluation very unhealthy.		134	440
broken-132-drawing	broken	broken-132	drawing	Maidenhead				drawing_response	broken,image,drawing	1GXxPlgWil9z-_2bKMjSe3rVdDk5GJqS1	https://lh3.googleusercontent.com/d/1GXxPlgWil9z-_2bKMjSe3rVdDk5GJqS1=w2200	/images/1GXxPlgWil9z-_2bKMjSe3rVdDk5GJqS1.jpg	/images/1GXxPlgWil9z-_2bKMjSe3rVdDk5GJqS1.jpg			134	441
windows-92	windows		image	Guwahati	IN	26.1805978	91.753943	window_photo	windows,image,photo	1Z9B_DfD9q2YVqYVYoewZb4i6MJ4OeY4a	https://lh3.googleusercontent.com/d/1Z9B_DfD9q2YVqYVYoewZb4i6MJ4OeY4a=w2200	/images/1Z9B_DfD9q2YVqYVYoewZb4i6MJ4OeY4a.jpg	/images/1Z9B_DfD9q2YVqYVYoewZb4i6MJ4OeY4a.jpg			135	442
broken-133-image	broken	broken-133	image	Guwahati	IN	26.1805978	91.753943	window_photo	broken,image,window	1Z9B_DfD9q2YVqYVYoewZb4i6MJ4OeY4a	https://lh3.googleusercontent.com/d/1Z9B_DfD9q2YVqYVYoewZb4i6MJ4OeY4a=w2200	/images/1Z9B_DfD9q2YVqYVYoewZb4i6MJ4OeY4a.jpg	/images/1Z9B_DfD9q2YVqYVYoewZb4i6MJ4OeY4a.jpg			135	443
broken-133-text	broken	broken-133	text	India	IN	22.3511148	78.6677428	urban	broken,text,description,urban					i think this house is window view is very nice.		135	444
windows-93	windows		image	Guwahati	IN	26.1805978	91.753943	window_photo	windows,image,photo	1sHLJYPkjFI757Xdrl8BFXHZ8AAajGCiW	https://lh3.googleusercontent.com/d/1sHLJYPkjFI757Xdrl8BFXHZ8AAajGCiW=w2200	/images/1sHLJYPkjFI757Xdrl8BFXHZ8AAajGCiW.jpg	/images/1sHLJYPkjFI757Xdrl8BFXHZ8AAajGCiW.jpg			136	445
broken-134-image	broken	broken-134	image	Guwahati	IN	26.1805978	91.753943	window_photo	broken,image,window	1sHLJYPkjFI757Xdrl8BFXHZ8AAajGCiW	https://lh3.googleusercontent.com/d/1sHLJYPkjFI757Xdrl8BFXHZ8AAajGCiW=w2200	/images/1sHLJYPkjFI757Xdrl8BFXHZ8AAajGCiW.jpg	/images/1sHLJYPkjFI757Xdrl8BFXHZ8AAajGCiW.jpg			136	446
broken-134-text	broken	broken-134	text	Florida	US	27.7567667	-81.4639835	water	broken,text,description,water					A Beautiful lake surrounded by tress and green pastures		136	447
broken-134-drawing	broken	broken-134	drawing	Campinas	BRAZIL			drawing_response	broken,image,drawing	1nJLSnfp1IgrxZB6e1kuVYIERwIpBtps5	https://lh3.googleusercontent.com/d/1nJLSnfp1IgrxZB6e1kuVYIERwIpBtps5=w2200	/images/1nJLSnfp1IgrxZB6e1kuVYIERwIpBtps5.jpg	/images/1nJLSnfp1IgrxZB6e1kuVYIERwIpBtps5.jpg			136	448
windows-94	windows		image	London	GB	51.5073219	-0.1276474	window_photo	windows,image,photo	13ItsVXfqhtPX6jLwTr2Caz6kUzTFg5hm	https://lh3.googleusercontent.com/d/13ItsVXfqhtPX6jLwTr2Caz6kUzTFg5hm=w2200	/images/13ItsVXfqhtPX6jLwTr2Caz6kUzTFg5hm.jpg	/images/13ItsVXfqhtPX6jLwTr2Caz6kUzTFg5hm.jpg			137	449
broken-135-image	broken	broken-135	image	London	GB	51.5073219	-0.1276474	window_photo	broken,image,window	13ItsVXfqhtPX6jLwTr2Caz6kUzTFg5hm	https://lh3.googleusercontent.com/d/13ItsVXfqhtPX6jLwTr2Caz6kUzTFg5hm=w2200	/images/13ItsVXfqhtPX6jLwTr2Caz6kUzTFg5hm.jpg	/images/13ItsVXfqhtPX6jLwTr2Caz6kUzTFg5hm.jpg			137	450
broken-135-drawing	broken	broken-135	drawing	san leandro				drawing_response	broken,image,drawing	1rCPppq_59BVwtfSIXXKEHd-KQCLCTP0a	https://lh3.googleusercontent.com/d/1rCPppq_59BVwtfSIXXKEHd-KQCLCTP0a=w2200	/images/1rCPppq_59BVwtfSIXXKEHd-KQCLCTP0a.jpg	/images/1rCPppq_59BVwtfSIXXKEHd-KQCLCTP0a.jpg			137	451
windows-95	windows		image	Undefined	PA	8.559559	-81.1308434	window_photo	windows,image,photo	1Jd6kLvwXkXCO2BtRHuA5spBLYqbzPsJ0	https://lh3.googleusercontent.com/d/1Jd6kLvwXkXCO2BtRHuA5spBLYqbzPsJ0=w2200	/images/1Jd6kLvwXkXCO2BtRHuA5spBLYqbzPsJ0.png	/images/1Jd6kLvwXkXCO2BtRHuA5spBLYqbzPsJ0.png			138	452
broken-136-image	broken	broken-136	image	Undefined	PA	8.559559	-81.1308434	window_photo	broken,image,window	1Jd6kLvwXkXCO2BtRHuA5spBLYqbzPsJ0	https://lh3.googleusercontent.com/d/1Jd6kLvwXkXCO2BtRHuA5spBLYqbzPsJ0=w2200	/images/1Jd6kLvwXkXCO2BtRHuA5spBLYqbzPsJ0.png	/images/1Jd6kLvwXkXCO2BtRHuA5spBLYqbzPsJ0.png			138	453
broken-136-text	broken	broken-136	text	Minnesota	US	45.9896587	-94.6113288	urban	broken,text,description,urban					WINDOWS DISPLAY		138	454
broken-136-drawing	broken	broken-136	drawing	chennai				drawing_response	broken,image,drawing	1livuHfouvNe8ge52IVPDO8i1vKN78kFy	https://lh3.googleusercontent.com/d/1livuHfouvNe8ge52IVPDO8i1vKN78kFy=w2200	/images/1livuHfouvNe8ge52IVPDO8i1vKN78kFy.jpg	/images/1livuHfouvNe8ge52IVPDO8i1vKN78kFy.jpg			138	455
broken-137-image	broken	broken-137	image	Undefined	PA	8.559559	-81.1308434	window_photo	broken,image,window	1Jd6kLvwXkXCO2BtRHuA5spBLYqbzPsJ0	https://lh3.googleusercontent.com/d/1Jd6kLvwXkXCO2BtRHuA5spBLYqbzPsJ0=w2200	/images/1Jd6kLvwXkXCO2BtRHuA5spBLYqbzPsJ0.png	/images/1Jd6kLvwXkXCO2BtRHuA5spBLYqbzPsJ0.png			139	456
broken-137-text	broken	broken-137	text	Los Angeles	US	34.1689295	-118.536567	description	broken,text,description,description					no photo		139	457
broken-138-image	broken	broken-138	image	Undefined	PA	8.559559	-81.1308434	window_photo	broken,image,window	1Jd6kLvwXkXCO2BtRHuA5spBLYqbzPsJ0	https://lh3.googleusercontent.com/d/1Jd6kLvwXkXCO2BtRHuA5spBLYqbzPsJ0=w2200	/images/1Jd6kLvwXkXCO2BtRHuA5spBLYqbzPsJ0.png	/images/1Jd6kLvwXkXCO2BtRHuA5spBLYqbzPsJ0.png			140	458
broken-138-text	broken	broken-138	text	Los Angeles	US	34.0536909	-118.242766	urban	broken,text,description,urban					i see the computer window		140	459
broken-138-drawing	broken	broken-138	drawing	US				drawing_response	broken,image,drawing	1AtRtTNJarDmguQ61_VtyxDVHw5auj3XT	https://lh3.googleusercontent.com/d/1AtRtTNJarDmguQ61_VtyxDVHw5auj3XT=w2200	/images/1AtRtTNJarDmguQ61_VtyxDVHw5auj3XT.jpg	/images/1AtRtTNJarDmguQ61_VtyxDVHw5auj3XT.jpg			140	460
windows-96	windows		image	Wilmington	US	39.7459468	-75.546589	window_photo	windows,image,photo	1fZ4k_jDzeA1d_A2XzMIX5h376wYB2ciD	https://lh3.googleusercontent.com/d/1fZ4k_jDzeA1d_A2XzMIX5h376wYB2ciD=w2200	/images/1fZ4k_jDzeA1d_A2XzMIX5h376wYB2ciD.jpg	/images/1fZ4k_jDzeA1d_A2XzMIX5h376wYB2ciD.jpg			141	461
broken-139-image	broken	broken-139	image	Wilmington	US	39.7459468	-75.546589	window_photo	broken,image,window	1fZ4k_jDzeA1d_A2XzMIX5h376wYB2ciD	https://lh3.googleusercontent.com/d/1fZ4k_jDzeA1d_A2XzMIX5h376wYB2ciD=w2200	/images/1fZ4k_jDzeA1d_A2XzMIX5h376wYB2ciD.jpg	/images/1fZ4k_jDzeA1d_A2XzMIX5h376wYB2ciD.jpg			141	462
broken-139-text	broken	broken-139	text	California	US	36.2516475	-118.852583	nature	broken,text,description,nature					I SEE ONE TREE AND CAR PARKING IN THIS PHOTO		141	463
broken-139-drawing	broken	broken-139	drawing	Lucknow				drawing_response	broken,image,drawing	1IFqaowJXp14hMG8vodfz34iEfClWciXC	https://lh3.googleusercontent.com/d/1IFqaowJXp14hMG8vodfz34iEfClWciXC=w2200	/images/1IFqaowJXp14hMG8vodfz34iEfClWciXC.jpg	/images/1IFqaowJXp14hMG8vodfz34iEfClWciXC.jpg			141	464
broken-140-image	broken	broken-140	image	Wilmington	US	39.7459468	-75.546589	window_photo	broken,image,window	1fZ4k_jDzeA1d_A2XzMIX5h376wYB2ciD	https://lh3.googleusercontent.com/d/1fZ4k_jDzeA1d_A2XzMIX5h376wYB2ciD=w2200	/images/1fZ4k_jDzeA1d_A2XzMIX5h376wYB2ciD.jpg	/images/1fZ4k_jDzeA1d_A2XzMIX5h376wYB2ciD.jpg			142	465
broken-140-text	broken	broken-140	text	California	US	36.2516475	-118.852583	nature	broken,text,description,nature					I SEE ONE TREE AND CAR PARKING IN THIS PHOTO		142	466
broken-140-drawing	broken	broken-140	drawing	Florence				drawing_response	broken,image,drawing	1kgFz6ZjkNtp8pJVbk9AgZbZ9wvK6hLUu	https://lh3.googleusercontent.com/d/1kgFz6ZjkNtp8pJVbk9AgZbZ9wvK6hLUu=w2200	/images/1kgFz6ZjkNtp8pJVbk9AgZbZ9wvK6hLUu.jpg	/images/1kgFz6ZjkNtp8pJVbk9AgZbZ9wvK6hLUu.jpg			142	467
windows-97	windows		image	City of New York	US	40.7127281	-74.0060152	window_photo	windows,image,photo	1fwUd1yVEpMYQHsUdYHlzW6lI1Wjb1LOM	https://lh3.googleusercontent.com/d/1fwUd1yVEpMYQHsUdYHlzW6lI1Wjb1LOM=w2200	/images/1fwUd1yVEpMYQHsUdYHlzW6lI1Wjb1LOM.jpg	/images/1fwUd1yVEpMYQHsUdYHlzW6lI1Wjb1LOM.jpg			143	468
broken-141-image	broken	broken-141	image	City of New York	US	40.7127281	-74.0060152	window_photo	broken,image,window	1fwUd1yVEpMYQHsUdYHlzW6lI1Wjb1LOM	https://lh3.googleusercontent.com/d/1fwUd1yVEpMYQHsUdYHlzW6lI1Wjb1LOM=w2200	/images/1fwUd1yVEpMYQHsUdYHlzW6lI1Wjb1LOM.jpg	/images/1fwUd1yVEpMYQHsUdYHlzW6lI1Wjb1LOM.jpg			143	469
broken-141-text	broken	broken-141	text	California	US	36.7014631	-118.755997	urban	broken,text,description,urban					there are two opposite buildings are here.right side is in dark,left side is having light.in between there is 2feet gap.		143	470
broken-141-drawing	broken	broken-141	drawing	athens				drawing_response	broken,image,drawing	1AblOAeR4_KkJnOn38Nytg-1iQQZUfIvr	https://lh3.googleusercontent.com/d/1AblOAeR4_KkJnOn38Nytg-1iQQZUfIvr=w2200	/images/1AblOAeR4_KkJnOn38Nytg-1iQQZUfIvr.jpg	/images/1AblOAeR4_KkJnOn38Nytg-1iQQZUfIvr.jpg			143	471
windows-98	windows		image	Manchester	GB	53.4794892	-2.2451148	window_photo	windows,image,photo	1A7DdAJrn8qsghh0JSiEmxOUvB0wCk4wH	https://lh3.googleusercontent.com/d/1A7DdAJrn8qsghh0JSiEmxOUvB0wCk4wH=w2200	/images/1A7DdAJrn8qsghh0JSiEmxOUvB0wCk4wH.jpg	/images/1A7DdAJrn8qsghh0JSiEmxOUvB0wCk4wH.jpg			144	472
broken-142-image	broken	broken-142	image	Manchester	GB	53.4794892	-2.2451148	window_photo	broken,image,window	1A7DdAJrn8qsghh0JSiEmxOUvB0wCk4wH	https://lh3.googleusercontent.com/d/1A7DdAJrn8qsghh0JSiEmxOUvB0wCk4wH=w2200	/images/1A7DdAJrn8qsghh0JSiEmxOUvB0wCk4wH.jpg	/images/1A7DdAJrn8qsghh0JSiEmxOUvB0wCk4wH.jpg			144	473
broken-142-text	broken	broken-142	text	Los Angeles	US	34.1689295	-118.536567	street	broken,text,description,street					it is busy road travelled by the car		144	474
windows-99	windows		image	Undefined	US	40.3270127	-86.1746933	window_photo	windows,image,photo	1D0ZFMKRlm30F-9zmIs0lqsHfhcdzJOXC	https://lh3.googleusercontent.com/d/1D0ZFMKRlm30F-9zmIs0lqsHfhcdzJOXC=w2200	/images/1D0ZFMKRlm30F-9zmIs0lqsHfhcdzJOXC.jpg	/images/1D0ZFMKRlm30F-9zmIs0lqsHfhcdzJOXC.jpg			145	475
broken-143-image	broken	broken-143	image	Undefined	US	40.3270127	-86.1746933	window_photo	broken,image,window	1D0ZFMKRlm30F-9zmIs0lqsHfhcdzJOXC	https://lh3.googleusercontent.com/d/1D0ZFMKRlm30F-9zmIs0lqsHfhcdzJOXC=w2200	/images/1D0ZFMKRlm30F-9zmIs0lqsHfhcdzJOXC.jpg	/images/1D0ZFMKRlm30F-9zmIs0lqsHfhcdzJOXC.jpg			145	476
broken-143-text	broken	broken-143	text	Louisiana	US	30.8703881	-92.007126	nature	broken,text,description,nature					I SEE THE WINDOWS OF THE BUILDING AND TREES FROM MY BUILDING		145	477
broken-143-drawing	broken	broken-143	drawing	san leandro				drawing_response	broken,image,drawing	1St_NEdAH3IxKoxs2sCpEeHYL6CxOr56k	https://lh3.googleusercontent.com/d/1St_NEdAH3IxKoxs2sCpEeHYL6CxOr56k=w2200	/images/1St_NEdAH3IxKoxs2sCpEeHYL6CxOr56k.jpg	/images/1St_NEdAH3IxKoxs2sCpEeHYL6CxOr56k.jpg			145	478
broken-144-image	broken	broken-144	image	Undefined	US	40.3270127	-86.1746933	window_photo	broken,image,window	1D0ZFMKRlm30F-9zmIs0lqsHfhcdzJOXC	https://lh3.googleusercontent.com/d/1D0ZFMKRlm30F-9zmIs0lqsHfhcdzJOXC=w2200	/images/1D0ZFMKRlm30F-9zmIs0lqsHfhcdzJOXC.jpg	/images/1D0ZFMKRlm30F-9zmIs0lqsHfhcdzJOXC.jpg			146	479
broken-144-text	broken	broken-144	text	Louisiana	US	30.8703881	-92.007126	nature	broken,text,description,nature					I SEE THE WINDOWS OF THE BUILDING AND TREES FROM MY BUILDING		146	480
broken-144-drawing	broken	broken-144	drawing	east hampton				drawing_response	broken,image,drawing	1iOg8A6iPPOsH3XyFZ7EjDVaqyXCkKqZT	https://lh3.googleusercontent.com/d/1iOg8A6iPPOsH3XyFZ7EjDVaqyXCkKqZT=w2200	/images/1iOg8A6iPPOsH3XyFZ7EjDVaqyXCkKqZT.jpg	/images/1iOg8A6iPPOsH3XyFZ7EjDVaqyXCkKqZT.jpg			146	481
windows-100	windows		image	Undefined	US	25.957876	-80.192892	window_photo	windows,image,photo	1fZHBHrlqbFf0kgtCO8zR2BusU9aAfESW	https://lh3.googleusercontent.com/d/1fZHBHrlqbFf0kgtCO8zR2BusU9aAfESW=w2200	/images/1fZHBHrlqbFf0kgtCO8zR2BusU9aAfESW.jpg	/images/1fZHBHrlqbFf0kgtCO8zR2BusU9aAfESW.jpg			147	482
broken-145-image	broken	broken-145	image	Undefined	US	25.957876	-80.192892	window_photo	broken,image,window	1fZHBHrlqbFf0kgtCO8zR2BusU9aAfESW	https://lh3.googleusercontent.com/d/1fZHBHrlqbFf0kgtCO8zR2BusU9aAfESW=w2200	/images/1fZHBHrlqbFf0kgtCO8zR2BusU9aAfESW.jpg	/images/1fZHBHrlqbFf0kgtCO8zR2BusU9aAfESW.jpg			147	483
broken-145-text	broken	broken-145	text	Rio de Janeiro	BR	-22.9110137	-43.2093727	urban	broken,text,description,urban					a house window		147	484
broken-145-drawing	broken	broken-145	drawing	Cagliari				drawing_response	broken,image,drawing	1-bTWV35PZXm1lt9lSydXHFwXW4QEGEcy	https://lh3.googleusercontent.com/d/1-bTWV35PZXm1lt9lSydXHFwXW4QEGEcy=w2200	/images/1-bTWV35PZXm1lt9lSydXHFwXW4QEGEcy.jpg	/images/1-bTWV35PZXm1lt9lSydXHFwXW4QEGEcy.jpg			147	485
windows-101	windows		image	Oakland	US	37.8044557	-122.2713563	window_photo	windows,image,photo	1eeccqrnLfQGVnk5HdH9CM6UgGOMDYrmX	https://lh3.googleusercontent.com/d/1eeccqrnLfQGVnk5HdH9CM6UgGOMDYrmX=w2200	/images/1eeccqrnLfQGVnk5HdH9CM6UgGOMDYrmX.jpg	/images/1eeccqrnLfQGVnk5HdH9CM6UgGOMDYrmX.jpg			148	486
broken-146-image	broken	broken-146	image	Oakland	US	37.8044557	-122.2713563	window_photo	broken,image,window	1eeccqrnLfQGVnk5HdH9CM6UgGOMDYrmX	https://lh3.googleusercontent.com/d/1eeccqrnLfQGVnk5HdH9CM6UgGOMDYrmX=w2200	/images/1eeccqrnLfQGVnk5HdH9CM6UgGOMDYrmX.jpg	/images/1eeccqrnLfQGVnk5HdH9CM6UgGOMDYrmX.jpg			148	487
broken-146-text	broken	broken-146	text	Connecticut	US	41.6500201	-72.7342163	nature	broken,text,description,nature					I see the cars are running in the road. One tree is standing alone. One black color and one white color are standing at their house.		148	488
windows-102	windows		image	Mesquite	US	32.7666103	-96.599472	window_photo	windows,image,photo	1Qjgqc_hVnAmQbVD8ho41FtZEY7nm8EWc	https://lh3.googleusercontent.com/d/1Qjgqc_hVnAmQbVD8ho41FtZEY7nm8EWc=w2200	/images/1Qjgqc_hVnAmQbVD8ho41FtZEY7nm8EWc.jpg	/images/1Qjgqc_hVnAmQbVD8ho41FtZEY7nm8EWc.jpg			149	489
broken-147-image	broken	broken-147	image	Mesquite	US	32.7666103	-96.599472	window_photo	broken,image,window	1Qjgqc_hVnAmQbVD8ho41FtZEY7nm8EWc	https://lh3.googleusercontent.com/d/1Qjgqc_hVnAmQbVD8ho41FtZEY7nm8EWc=w2200	/images/1Qjgqc_hVnAmQbVD8ho41FtZEY7nm8EWc.jpg	/images/1Qjgqc_hVnAmQbVD8ho41FtZEY7nm8EWc.jpg			149	490
broken-147-text	broken	broken-147	text	United States	US	39.7837304	-100.445882	urban	broken,text,description,urban					THIS IS HOUSE FRONT SIDE		149	491
broken-148-image	broken	broken-148	image	Mesquite	US	32.7666103	-96.599472	window_photo	broken,image,window	1Qjgqc_hVnAmQbVD8ho41FtZEY7nm8EWc	https://lh3.googleusercontent.com/d/1Qjgqc_hVnAmQbVD8ho41FtZEY7nm8EWc=w2200	/images/1Qjgqc_hVnAmQbVD8ho41FtZEY7nm8EWc.jpg	/images/1Qjgqc_hVnAmQbVD8ho41FtZEY7nm8EWc.jpg			150	492
broken-148-text	broken	broken-148	text	Louisiana	US	30.8703881	-92.007126	water	broken,text,description,water					BEAUTIFUL DESIGN OF A OUTDOOR VIEW WITH SEATING AND FAN		150	493
windows-103	windows		image	Undefined	US	31.2638905	-98.5456116	window_photo	windows,image,photo	17DzxO75A8T0Gy5X4ecfhrGRD0TaHLA-G	https://lh3.googleusercontent.com/d/17DzxO75A8T0Gy5X4ecfhrGRD0TaHLA-G=w2200	/images/17DzxO75A8T0Gy5X4ecfhrGRD0TaHLA-G.jpg	/images/17DzxO75A8T0Gy5X4ecfhrGRD0TaHLA-G.jpg			151	494
broken-149-image	broken	broken-149	image	Undefined	US	31.2638905	-98.5456116	window_photo	broken,image,window	17DzxO75A8T0Gy5X4ecfhrGRD0TaHLA-G	https://lh3.googleusercontent.com/d/17DzxO75A8T0Gy5X4ecfhrGRD0TaHLA-G=w2200	/images/17DzxO75A8T0Gy5X4ecfhrGRD0TaHLA-G.jpg	/images/17DzxO75A8T0Gy5X4ecfhrGRD0TaHLA-G.jpg			151	495
broken-149-text	broken	broken-149	text	California	US	36.7014631	-118.755997	nature	broken,text,description,nature					its nature of scenery		151	496
broken-149-drawing	broken	broken-149	drawing	Curitiba				drawing_response	broken,image,drawing	1WX7epqXhsfleGemIkZCjN6xzYC7r_ODF	https://lh3.googleusercontent.com/d/1WX7epqXhsfleGemIkZCjN6xzYC7r_ODF=w2200	/images/1WX7epqXhsfleGemIkZCjN6xzYC7r_ODF.jpg	/images/1WX7epqXhsfleGemIkZCjN6xzYC7r_ODF.jpg			151	497
windows-104	windows		image	Eugene	US	44.0505054	-123.0950506	window_photo	windows,image,photo	1TYEPWiQHaqbvvFksgBpezZ4FIrSikB9_	https://lh3.googleusercontent.com/d/1TYEPWiQHaqbvvFksgBpezZ4FIrSikB9_=w2200	/images/1TYEPWiQHaqbvvFksgBpezZ4FIrSikB9_.jpg	/images/1TYEPWiQHaqbvvFksgBpezZ4FIrSikB9_.jpg			152	498
broken-150-image	broken	broken-150	image	Eugene	US	44.0505054	-123.0950506	window_photo	broken,image,window	1TYEPWiQHaqbvvFksgBpezZ4FIrSikB9_	https://lh3.googleusercontent.com/d/1TYEPWiQHaqbvvFksgBpezZ4FIrSikB9_=w2200	/images/1TYEPWiQHaqbvvFksgBpezZ4FIrSikB9_.jpg	/images/1TYEPWiQHaqbvvFksgBpezZ4FIrSikB9_.jpg			152	499
broken-150-text	broken	broken-150	text	Chennai	IN	13.0836939	80.270186	urban	broken,text,description,urban					i think this is small house in the village.		152	500
broken-150-drawing	broken	broken-150	drawing	athens				drawing_response	broken,image,drawing	1AblOAeR4_KkJnOn38Nytg-1iQQZUfIvr	https://lh3.googleusercontent.com/d/1AblOAeR4_KkJnOn38Nytg-1iQQZUfIvr=w2200	/images/1AblOAeR4_KkJnOn38Nytg-1iQQZUfIvr.jpg	/images/1AblOAeR4_KkJnOn38Nytg-1iQQZUfIvr.jpg			152	501
windows-105	windows		image	Alexandria	US	38.8051095	-77.0470229	window_photo	windows,image,photo	1o3x0yiOVJGHDQqnyGZ_k3vMR-j3QUcBH	https://lh3.googleusercontent.com/d/1o3x0yiOVJGHDQqnyGZ_k3vMR-j3QUcBH=w2200	/images/1o3x0yiOVJGHDQqnyGZ_k3vMR-j3QUcBH.jpg	/images/1o3x0yiOVJGHDQqnyGZ_k3vMR-j3QUcBH.jpg			153	502
broken-151-image	broken	broken-151	image	Alexandria	US	38.8051095	-77.0470229	window_photo	broken,image,window	1o3x0yiOVJGHDQqnyGZ_k3vMR-j3QUcBH	https://lh3.googleusercontent.com/d/1o3x0yiOVJGHDQqnyGZ_k3vMR-j3QUcBH=w2200	/images/1o3x0yiOVJGHDQqnyGZ_k3vMR-j3QUcBH.jpg	/images/1o3x0yiOVJGHDQqnyGZ_k3vMR-j3QUcBH.jpg			153	503
broken-151-text	broken	broken-151	text	Texas	US	31.2638905	-98.5456116	nature	broken,text,description,nature					trees gives pure oxygen to human beings and absorbs carbon di oxide.		153	504
broken-151-drawing	broken	broken-151	drawing	Fort Walton Beach				drawing_response	broken,image,drawing	1O2JQ9GRLsJWRj-B8kvLf6afuNP_96uyi	https://lh3.googleusercontent.com/d/1O2JQ9GRLsJWRj-B8kvLf6afuNP_96uyi=w2200	/images/1O2JQ9GRLsJWRj-B8kvLf6afuNP_96uyi.jpg	/images/1O2JQ9GRLsJWRj-B8kvLf6afuNP_96uyi.jpg			153	505
broken-152-image	broken	broken-152	image	Alexandria	US	38.8051095	-77.0470229	window_photo	broken,image,window	1o3x0yiOVJGHDQqnyGZ_k3vMR-j3QUcBH	https://lh3.googleusercontent.com/d/1o3x0yiOVJGHDQqnyGZ_k3vMR-j3QUcBH=w2200	/images/1o3x0yiOVJGHDQqnyGZ_k3vMR-j3QUcBH.jpg	/images/1o3x0yiOVJGHDQqnyGZ_k3vMR-j3QUcBH.jpg			154	506
broken-152-text	broken	broken-152	text	Texas	US	31.2638905	-98.5456116	nature	broken,text,description,nature					trees gives pure oxygen to human beings and absorbs carbon di oxide.		154	507
broken-152-drawing	broken	broken-152	drawing	Curitiba				drawing_response	broken,image,drawing	1WX7epqXhsfleGemIkZCjN6xzYC7r_ODF	https://lh3.googleusercontent.com/d/1WX7epqXhsfleGemIkZCjN6xzYC7r_ODF=w2200	/images/1WX7epqXhsfleGemIkZCjN6xzYC7r_ODF.jpg	/images/1WX7epqXhsfleGemIkZCjN6xzYC7r_ODF.jpg			154	508
windows-106	windows		image	Ciudad de México	MX	19.4326296	-99.1331785	window_photo	windows,image,photo	1xFDD1FUUuvm7LYu9yyBCo8oN7vH9DD9Y	https://lh3.googleusercontent.com/d/1xFDD1FUUuvm7LYu9yyBCo8oN7vH9DD9Y=w2200	/images/1xFDD1FUUuvm7LYu9yyBCo8oN7vH9DD9Y.jpg	/images/1xFDD1FUUuvm7LYu9yyBCo8oN7vH9DD9Y.jpg			155	509
broken-153-image	broken	broken-153	image	Ciudad de México	MX	19.4326296	-99.1331785	window_photo	broken,image,window	1xFDD1FUUuvm7LYu9yyBCo8oN7vH9DD9Y	https://lh3.googleusercontent.com/d/1xFDD1FUUuvm7LYu9yyBCo8oN7vH9DD9Y=w2200	/images/1xFDD1FUUuvm7LYu9yyBCo8oN7vH9DD9Y.jpg	/images/1xFDD1FUUuvm7LYu9yyBCo8oN7vH9DD9Y.jpg			155	510
broken-153-text	broken	broken-153	text	Georgia	US	32.3293809	-83.1137366	nature	broken,text,description,nature					one van parking on the road		155	511
broken-153-drawing	broken	broken-153	drawing	TEXAS				drawing_response	broken,image,drawing	1ts0rWLCE5M124sKFHZaIJfBU2gzC_Z6_	https://lh3.googleusercontent.com/d/1ts0rWLCE5M124sKFHZaIJfBU2gzC_Z6_=w2200	/images/1ts0rWLCE5M124sKFHZaIJfBU2gzC_Z6_.jpg	/images/1ts0rWLCE5M124sKFHZaIJfBU2gzC_Z6_.jpg			155	512
broken-154-image	broken	broken-154	image	Ciudad de México	MX	19.4326296	-99.1331785	window_photo	broken,image,window	1xFDD1FUUuvm7LYu9yyBCo8oN7vH9DD9Y	https://lh3.googleusercontent.com/d/1xFDD1FUUuvm7LYu9yyBCo8oN7vH9DD9Y=w2200	/images/1xFDD1FUUuvm7LYu9yyBCo8oN7vH9DD9Y.jpg	/images/1xFDD1FUUuvm7LYu9yyBCo8oN7vH9DD9Y.jpg			156	513
broken-154-text	broken	broken-154	text	United States	US	39.7837304	-100.445882	description	broken,text,description,description					BUS		156	514
broken-154-drawing	broken	broken-154	drawing	Dubai				drawing_response	broken,image,drawing	1g1FN380f2jADpe4408gtcFGwko_01vbo	https://lh3.googleusercontent.com/d/1g1FN380f2jADpe4408gtcFGwko_01vbo=w2200	/images/1g1FN380f2jADpe4408gtcFGwko_01vbo.jpg	/images/1g1FN380f2jADpe4408gtcFGwko_01vbo.jpg			156	515
broken-155-image	broken	broken-155	image	Ciudad de México	MX	19.4326296	-99.1331785	window_photo	broken,image,window	1xFDD1FUUuvm7LYu9yyBCo8oN7vH9DD9Y	https://lh3.googleusercontent.com/d/1xFDD1FUUuvm7LYu9yyBCo8oN7vH9DD9Y=w2200	/images/1xFDD1FUUuvm7LYu9yyBCo8oN7vH9DD9Y.jpg	/images/1xFDD1FUUuvm7LYu9yyBCo8oN7vH9DD9Y.jpg			157	516
broken-155-text	broken	broken-155	text	United States	US	39.7837304	-100.445882	description	broken,text,description,description					BUS		157	517
broken-155-drawing	broken	broken-155	drawing	india				drawing_response	broken,image,drawing	1p-GiZmdpA2gQ150LY5JyO86QPHW9jrDC	https://lh3.googleusercontent.com/d/1p-GiZmdpA2gQ150LY5JyO86QPHW9jrDC=w2200	/images/1p-GiZmdpA2gQ150LY5JyO86QPHW9jrDC.jpg	/images/1p-GiZmdpA2gQ150LY5JyO86QPHW9jrDC.jpg			157	518
windows-107	windows		image	Old Toronto	CA	43.6534817	-79.3839347	window_photo	windows,image,photo	1RVLIyy3l9ULD7kQs0shFl0blDKojzx-x	https://lh3.googleusercontent.com/d/1RVLIyy3l9ULD7kQs0shFl0blDKojzx-x=w2200	/images/1RVLIyy3l9ULD7kQs0shFl0blDKojzx-x.jpg	/images/1RVLIyy3l9ULD7kQs0shFl0blDKojzx-x.jpg			158	519
broken-156-image	broken	broken-156	image	Old Toronto	CA	43.6534817	-79.3839347	window_photo	broken,image,window	1RVLIyy3l9ULD7kQs0shFl0blDKojzx-x	https://lh3.googleusercontent.com/d/1RVLIyy3l9ULD7kQs0shFl0blDKojzx-x=w2200	/images/1RVLIyy3l9ULD7kQs0shFl0blDKojzx-x.jpg	/images/1RVLIyy3l9ULD7kQs0shFl0blDKojzx-x.jpg			158	520
broken-156-text	broken	broken-156	text	California	US	36.7014631	-118.755997	description	broken,text,description,description					this is a hotel looks neat and clean		158	521
windows-108	windows		image	Lakewood	US	39.7085736	-105.0846694	window_photo	windows,image,photo	1iMuy8nlzmebLQv3ZxNGFiw_Y2BqTMcUz	https://lh3.googleusercontent.com/d/1iMuy8nlzmebLQv3ZxNGFiw_Y2BqTMcUz=w2200	/images/1iMuy8nlzmebLQv3ZxNGFiw_Y2BqTMcUz.jpg	/images/1iMuy8nlzmebLQv3ZxNGFiw_Y2BqTMcUz.jpg			159	522
broken-157-image	broken	broken-157	image	Lakewood	US	39.7085736	-105.0846694	window_photo	broken,image,window	1iMuy8nlzmebLQv3ZxNGFiw_Y2BqTMcUz	https://lh3.googleusercontent.com/d/1iMuy8nlzmebLQv3ZxNGFiw_Y2BqTMcUz=w2200	/images/1iMuy8nlzmebLQv3ZxNGFiw_Y2BqTMcUz.jpg	/images/1iMuy8nlzmebLQv3ZxNGFiw_Y2BqTMcUz.jpg			159	523
broken-157-text	broken	broken-157	text	Arizona	US	34.395342	-111.763275	description	broken,text,description,description					i see the chair and tea bench in the photo		159	524
broken-157-drawing	broken	broken-157	drawing	Curitiba				drawing_response	broken,image,drawing	1WX7epqXhsfleGemIkZCjN6xzYC7r_ODF	https://lh3.googleusercontent.com/d/1WX7epqXhsfleGemIkZCjN6xzYC7r_ODF=w2200	/images/1WX7epqXhsfleGemIkZCjN6xzYC7r_ODF.jpg	/images/1WX7epqXhsfleGemIkZCjN6xzYC7r_ODF.jpg			159	525
windows-109	windows		image	Castiglione d'Adda	IT	45.2189124	9.6941106	window_photo	windows,image,photo	1tXwoih2fwWLdRmOlqbWaTnICoqf7Z4sd	https://lh3.googleusercontent.com/d/1tXwoih2fwWLdRmOlqbWaTnICoqf7Z4sd=w2200	/images/1tXwoih2fwWLdRmOlqbWaTnICoqf7Z4sd.jpg	/images/1tXwoih2fwWLdRmOlqbWaTnICoqf7Z4sd.jpg			160	526
broken-158-image	broken	broken-158	image	Castiglione d'Adda	IT	45.2189124	9.6941106	window_photo	broken,image,window	1tXwoih2fwWLdRmOlqbWaTnICoqf7Z4sd	https://lh3.googleusercontent.com/d/1tXwoih2fwWLdRmOlqbWaTnICoqf7Z4sd=w2200	/images/1tXwoih2fwWLdRmOlqbWaTnICoqf7Z4sd.jpg	/images/1tXwoih2fwWLdRmOlqbWaTnICoqf7Z4sd.jpg			160	527
broken-158-text	broken	broken-158	text	Arizona	US	34.395342	-111.763275	description	broken,text,description,description					It is a good natural home		160	528
broken-158-drawing	broken	broken-158	drawing	bradford				drawing_response	broken,image,drawing	1E48iudiQLopwfXonOu28d3fGua5CX-Sm	https://lh3.googleusercontent.com/d/1E48iudiQLopwfXonOu28d3fGua5CX-Sm=w2200	/images/1E48iudiQLopwfXonOu28d3fGua5CX-Sm.jpg	/images/1E48iudiQLopwfXonOu28d3fGua5CX-Sm.jpg			160	529
windows-110	windows		image	Wood River	US	38.861159	-90.0976069	window_photo	windows,image,photo	1akhjqC4IfC_ZC_Edp0FAnuPdtEfOg1-E	https://lh3.googleusercontent.com/d/1akhjqC4IfC_ZC_Edp0FAnuPdtEfOg1-E=w2200	/images/1akhjqC4IfC_ZC_Edp0FAnuPdtEfOg1-E.png	/images/1akhjqC4IfC_ZC_Edp0FAnuPdtEfOg1-E.png			161	530
broken-159-image	broken	broken-159	image	Wood River	US	38.861159	-90.0976069	window_photo	broken,image,window	1akhjqC4IfC_ZC_Edp0FAnuPdtEfOg1-E	https://lh3.googleusercontent.com/d/1akhjqC4IfC_ZC_Edp0FAnuPdtEfOg1-E=w2200	/images/1akhjqC4IfC_ZC_Edp0FAnuPdtEfOg1-E.png	/images/1akhjqC4IfC_ZC_Edp0FAnuPdtEfOg1-E.png			161	531
broken-159-text	broken	broken-159	text	Chennai	IN	13.0836939	80.270186	nature	broken,text,description,nature					garden is very nice		161	532
broken-160-image	broken	broken-160	image	Wood River	US	38.861159	-90.0976069	window_photo	broken,image,window	1akhjqC4IfC_ZC_Edp0FAnuPdtEfOg1-E	https://lh3.googleusercontent.com/d/1akhjqC4IfC_ZC_Edp0FAnuPdtEfOg1-E=w2200	/images/1akhjqC4IfC_ZC_Edp0FAnuPdtEfOg1-E.png	/images/1akhjqC4IfC_ZC_Edp0FAnuPdtEfOg1-E.png			162	533
broken-160-text	broken	broken-160	text	Louisiana	US	30.8703881	-92.007126	nature	broken,text,description,nature					A GARDEN,A CAT ,LOTS OF TREES		162	534
windows-111	windows		image	Dallas	US	32.7762719	-96.7968559	window_photo	windows,image,photo	1P4DfJJt-3SRpQJEHMYbejUq91QKeMfyg	https://lh3.googleusercontent.com/d/1P4DfJJt-3SRpQJEHMYbejUq91QKeMfyg=w2200	/images/1P4DfJJt-3SRpQJEHMYbejUq91QKeMfyg.png	/images/1P4DfJJt-3SRpQJEHMYbejUq91QKeMfyg.png			163	535
broken-161-image	broken	broken-161	image	Dallas	US	32.7762719	-96.7968559	window_photo	broken,image,window	1P4DfJJt-3SRpQJEHMYbejUq91QKeMfyg	https://lh3.googleusercontent.com/d/1P4DfJJt-3SRpQJEHMYbejUq91QKeMfyg=w2200	/images/1P4DfJJt-3SRpQJEHMYbejUq91QKeMfyg.png	/images/1P4DfJJt-3SRpQJEHMYbejUq91QKeMfyg.png			163	536
broken-161-text	broken	broken-161	text	United States	US	39.7837304	-100.445882	description	broken,text,description,description					THIS PHOTO IS USER SURVEY CODE		163	537
broken-162-image	broken	broken-162	image	Dallas	US	32.7762719	-96.7968559	window_photo	broken,image,window	1P4DfJJt-3SRpQJEHMYbejUq91QKeMfyg	https://lh3.googleusercontent.com/d/1P4DfJJt-3SRpQJEHMYbejUq91QKeMfyg=w2200	/images/1P4DfJJt-3SRpQJEHMYbejUq91QKeMfyg.png	/images/1P4DfJJt-3SRpQJEHMYbejUq91QKeMfyg.png			164	538
broken-162-text	broken	broken-162	text	San Antonio	US	29.4246002	-98.4951405	description	broken,text,description,description					This is picture of Mturk page. showing confirmation code and ask to submit into mturk page.		164	539
broken-162-drawing	broken	broken-162	drawing	Pune				drawing_response	broken,image,drawing	1x_u3fkz3B_pqoEOiZRwoclog-hMuJvfK	https://lh3.googleusercontent.com/d/1x_u3fkz3B_pqoEOiZRwoclog-hMuJvfK=w2200	/images/1x_u3fkz3B_pqoEOiZRwoclog-hMuJvfK.jpg	/images/1x_u3fkz3B_pqoEOiZRwoclog-hMuJvfK.jpg			164	540
broken-163-image	broken	broken-163	image	Dallas	US	32.7762719	-96.7968559	window_photo	broken,image,window	1P4DfJJt-3SRpQJEHMYbejUq91QKeMfyg	https://lh3.googleusercontent.com/d/1P4DfJJt-3SRpQJEHMYbejUq91QKeMfyg=w2200	/images/1P4DfJJt-3SRpQJEHMYbejUq91QKeMfyg.png	/images/1P4DfJJt-3SRpQJEHMYbejUq91QKeMfyg.png			165	541
broken-163-text	broken	broken-163	text	San Antonio	US	29.4246002	-98.4951405	description	broken,text,description,description					This is picture of Mturk page. showing confirmation code and ask to submit into mturk page.		165	542
broken-163-drawing	broken	broken-163	drawing	Florence				drawing_response	broken,image,drawing	1jVmz-ELtCvuqNC6gqKwZE5iIC2qDp2tw	https://lh3.googleusercontent.com/d/1jVmz-ELtCvuqNC6gqKwZE5iIC2qDp2tw=w2200	/images/1jVmz-ELtCvuqNC6gqKwZE5iIC2qDp2tw.jpg	/images/1jVmz-ELtCvuqNC6gqKwZE5iIC2qDp2tw.jpg			165	543
broken-164-image	broken	broken-164	image	Clemmons	US	36.0215258	-80.3819984	window_photo	broken,image,window	10RQ8etRYdmzdPgDYltWY3LQ1UumWJfpA	https://lh3.googleusercontent.com/d/10RQ8etRYdmzdPgDYltWY3LQ1UumWJfpA=w2200	/images/10RQ8etRYdmzdPgDYltWY3LQ1UumWJfpA.jpg	/images/10RQ8etRYdmzdPgDYltWY3LQ1UumWJfpA.jpg			166	544
windows-112	windows		image	Indianapolis	US	39.7683331	-86.1583502	window_photo	windows,image,photo	1_0tDrMOlVp3lrr4VuFOq9_OPwoiGsAVd	https://lh3.googleusercontent.com/d/1_0tDrMOlVp3lrr4VuFOq9_OPwoiGsAVd=w2200	/images/1_0tDrMOlVp3lrr4VuFOq9_OPwoiGsAVd.png	/images/1_0tDrMOlVp3lrr4VuFOq9_OPwoiGsAVd.png			167	545
broken-165-image	broken	broken-165	image	Indianapolis	US	39.7683331	-86.1583502	window_photo	broken,image,window	1_0tDrMOlVp3lrr4VuFOq9_OPwoiGsAVd	https://lh3.googleusercontent.com/d/1_0tDrMOlVp3lrr4VuFOq9_OPwoiGsAVd=w2200	/images/1_0tDrMOlVp3lrr4VuFOq9_OPwoiGsAVd.png	/images/1_0tDrMOlVp3lrr4VuFOq9_OPwoiGsAVd.png			167	546
broken-165-text	broken	broken-165	text	California	US	36.7014631	-118.755997	urban	broken,text,description,urban					Now a days every people this window only we can see daily.		167	547
broken-165-drawing	broken	broken-165	drawing	Lucknow				drawing_response	broken,image,drawing	1sbvvE8mrTWjT-UaS8glEvZkyU9M7lT_3	https://lh3.googleusercontent.com/d/1sbvvE8mrTWjT-UaS8glEvZkyU9M7lT_3=w2200	/images/1sbvvE8mrTWjT-UaS8glEvZkyU9M7lT_3.jpg	/images/1sbvvE8mrTWjT-UaS8glEvZkyU9M7lT_3.jpg			167	548
broken-166-image	broken	broken-166	image	Goianinha	BR	-6.2663538	-35.2092447	window_photo	broken,image,window	1_0tDrMOlVp3lrr4VuFOq9_OPwoiGsAVd	https://lh3.googleusercontent.com/d/1_0tDrMOlVp3lrr4VuFOq9_OPwoiGsAVd=w2200	/images/1_0tDrMOlVp3lrr4VuFOq9_OPwoiGsAVd.png	/images/1_0tDrMOlVp3lrr4VuFOq9_OPwoiGsAVd.png			168	549
broken-166-text	broken	broken-166	text	Delaware	US	38.6920451	-75.4013315	unclear	broken,text,description,unclear					no image view		168	550
broken-166-drawing	broken	broken-166	drawing	Lucknow				drawing_response	broken,image,drawing	1sbvvE8mrTWjT-UaS8glEvZkyU9M7lT_3	https://lh3.googleusercontent.com/d/1sbvvE8mrTWjT-UaS8glEvZkyU9M7lT_3=w2200	/images/1sbvvE8mrTWjT-UaS8glEvZkyU9M7lT_3.jpg	/images/1sbvvE8mrTWjT-UaS8glEvZkyU9M7lT_3.jpg			168	551
windows-113	windows		image	Undefined	US	28.6779683	-81.5115214	window_photo	windows,image,photo	1dLCW9Tdi_sr9W6GnVMOFvuJNe0SpniDr	https://lh3.googleusercontent.com/d/1dLCW9Tdi_sr9W6GnVMOFvuJNe0SpniDr=w2200	/images/1dLCW9Tdi_sr9W6GnVMOFvuJNe0SpniDr.jpg	/images/1dLCW9Tdi_sr9W6GnVMOFvuJNe0SpniDr.jpg			169	552
broken-167-image	broken	broken-167	image	Undefined	US	28.6779683	-81.5115214	window_photo	broken,image,window	1dLCW9Tdi_sr9W6GnVMOFvuJNe0SpniDr	https://lh3.googleusercontent.com/d/1dLCW9Tdi_sr9W6GnVMOFvuJNe0SpniDr=w2200	/images/1dLCW9Tdi_sr9W6GnVMOFvuJNe0SpniDr.jpg	/images/1dLCW9Tdi_sr9W6GnVMOFvuJNe0SpniDr.jpg			169	553
broken-167-text	broken	broken-167	text	California	US	36.2516475	-118.852583	nature	broken,text,description,nature					I SEE SOME LAND COVER WITH SOME GREEN GRASS AND SOME BRANCHES LEAVES ARE SHOWN IN THE PICTURE		169	554
broken-167-drawing	broken	broken-167	drawing	Cagliari				drawing_response	broken,image,drawing	18oIpDazpFxjBxO2tRB5c2zCWGsEJ3DOu	https://lh3.googleusercontent.com/d/18oIpDazpFxjBxO2tRB5c2zCWGsEJ3DOu=w2200	/images/18oIpDazpFxjBxO2tRB5c2zCWGsEJ3DOu.jpg	/images/18oIpDazpFxjBxO2tRB5c2zCWGsEJ3DOu.jpg			169	555
windows-114	windows		image	Saint-Lambert	CA	48.95208785	-79.43778804	window_photo	windows,image,photo	1dbZ5b8lqd348MKBrYv1S82PQcVqanZ0Z	https://lh3.googleusercontent.com/d/1dbZ5b8lqd348MKBrYv1S82PQcVqanZ0Z=w2200	/images/1dbZ5b8lqd348MKBrYv1S82PQcVqanZ0Z.jpg	/images/1dbZ5b8lqd348MKBrYv1S82PQcVqanZ0Z.jpg			170	556
broken-168-image	broken	broken-168	image	Saint-Lambert	CA	48.95208785	-79.43778804	window_photo	broken,image,window	1dbZ5b8lqd348MKBrYv1S82PQcVqanZ0Z	https://lh3.googleusercontent.com/d/1dbZ5b8lqd348MKBrYv1S82PQcVqanZ0Z=w2200	/images/1dbZ5b8lqd348MKBrYv1S82PQcVqanZ0Z.jpg	/images/1dbZ5b8lqd348MKBrYv1S82PQcVqanZ0Z.jpg			170	557
broken-168-text	broken	broken-168	text	India	IN	22.3511148	78.6677428	urban	broken,text,description,urban					the little house gardern nice view		170	558
windows-115	windows		image	Santa Clarita	US	34.3916641	-118.542586	window_photo	windows,image,photo	1g7E4gnLtidbBZoXO7_Sr6MZjv56JebB7	https://lh3.googleusercontent.com/d/1g7E4gnLtidbBZoXO7_Sr6MZjv56JebB7=w2200	/images/1g7E4gnLtidbBZoXO7_Sr6MZjv56JebB7.jpg	/images/1g7E4gnLtidbBZoXO7_Sr6MZjv56JebB7.jpg			171	559
broken-169-image	broken	broken-169	image	Santa Clarita	US	34.3916641	-118.542586	window_photo	broken,image,window	1g7E4gnLtidbBZoXO7_Sr6MZjv56JebB7	https://lh3.googleusercontent.com/d/1g7E4gnLtidbBZoXO7_Sr6MZjv56JebB7=w2200	/images/1g7E4gnLtidbBZoXO7_Sr6MZjv56JebB7.jpg	/images/1g7E4gnLtidbBZoXO7_Sr6MZjv56JebB7.jpg			171	560
broken-169-text	broken	broken-169	text	India	IN	22.3511148	78.6677428	nature	broken,text,description,nature					wooden modern garden place nice.		171	561
windows-116	windows		image	Angra dos Reis	BR	-23.0063966	-44.316326	window_photo	windows,image,photo	1J2aTm09seZ_Ttiuacxo4rvUs-nkQPpM0	https://lh3.googleusercontent.com/d/1J2aTm09seZ_Ttiuacxo4rvUs-nkQPpM0=w2200	/images/1J2aTm09seZ_Ttiuacxo4rvUs-nkQPpM0.jpg	/images/1J2aTm09seZ_Ttiuacxo4rvUs-nkQPpM0.jpg			172	562
broken-170-image	broken	broken-170	image	Angra dos Reis	BR	-23.0063966	-44.316326	window_photo	broken,image,window	1J2aTm09seZ_Ttiuacxo4rvUs-nkQPpM0	https://lh3.googleusercontent.com/d/1J2aTm09seZ_Ttiuacxo4rvUs-nkQPpM0=w2200	/images/1J2aTm09seZ_Ttiuacxo4rvUs-nkQPpM0.jpg	/images/1J2aTm09seZ_Ttiuacxo4rvUs-nkQPpM0.jpg			172	563
broken-170-text	broken	broken-170	text	Florida	US	27.7567667	-81.4639835	nature	broken,text,description,nature					A bike Infront of a house as well a tree and sky		172	564
broken-170-drawing	broken	broken-170	drawing	Florence				drawing_response	broken,image,drawing	1SinXyWkCjXEdhAkKy_o8Q0RdVcj4SnPg	https://lh3.googleusercontent.com/d/1SinXyWkCjXEdhAkKy_o8Q0RdVcj4SnPg=w2200	/images/1SinXyWkCjXEdhAkKy_o8Q0RdVcj4SnPg.jpg	/images/1SinXyWkCjXEdhAkKy_o8Q0RdVcj4SnPg.jpg			172	565
windows-117	windows		image	Madurai	IN	9.9261153	78.1140983	window_photo	windows,image,photo	1NJhgtUwAwN3usYSej45iLHnM1Y86n1QZ	https://lh3.googleusercontent.com/d/1NJhgtUwAwN3usYSej45iLHnM1Y86n1QZ=w2200	/images/1NJhgtUwAwN3usYSej45iLHnM1Y86n1QZ.jpg	/images/1NJhgtUwAwN3usYSej45iLHnM1Y86n1QZ.jpg			173	566
broken-171-image	broken	broken-171	image	Madurai	IN	9.9261153	78.1140983	window_photo	broken,image,window	1NJhgtUwAwN3usYSej45iLHnM1Y86n1QZ	https://lh3.googleusercontent.com/d/1NJhgtUwAwN3usYSej45iLHnM1Y86n1QZ=w2200	/images/1NJhgtUwAwN3usYSej45iLHnM1Y86n1QZ.jpg	/images/1NJhgtUwAwN3usYSej45iLHnM1Y86n1QZ.jpg			173	567
broken-171-text	broken	broken-171	text	Rio de Janeiro	BR	-22.9110137	-43.2093727	urban	broken,text,description,urban					a well-wooded window		173	568
broken-171-drawing	broken	broken-171	drawing	Mumbai				drawing_response	broken,image,drawing	1EzBgc1R-9L07jeMCOiIAmtMlmi8nwCZS	https://lh3.googleusercontent.com/d/1EzBgc1R-9L07jeMCOiIAmtMlmi8nwCZS=w2200	/images/1EzBgc1R-9L07jeMCOiIAmtMlmi8nwCZS.jpg	/images/1EzBgc1R-9L07jeMCOiIAmtMlmi8nwCZS.jpg			173	569
windows-118	windows		image	Salem	US	44.9391565	-123.033121	window_photo	windows,image,photo	1V-sxGmsSnhKeRa5Ng2PlqW49pQdwmeBE	https://lh3.googleusercontent.com/d/1V-sxGmsSnhKeRa5Ng2PlqW49pQdwmeBE=w2200	/images/1V-sxGmsSnhKeRa5Ng2PlqW49pQdwmeBE.jpg	/images/1V-sxGmsSnhKeRa5Ng2PlqW49pQdwmeBE.jpg			174	570
broken-172-image	broken	broken-172	image	Salem	US	44.9391565	-123.033121	window_photo	broken,image,window	1V-sxGmsSnhKeRa5Ng2PlqW49pQdwmeBE	https://lh3.googleusercontent.com/d/1V-sxGmsSnhKeRa5Ng2PlqW49pQdwmeBE=w2200	/images/1V-sxGmsSnhKeRa5Ng2PlqW49pQdwmeBE.jpg	/images/1V-sxGmsSnhKeRa5Ng2PlqW49pQdwmeBE.jpg			174	571
broken-172-text	broken	broken-172	text	Rio de Janeiro	BR	-22.9110137	-43.2093727	urban	broken,text,description,urban					a dark window		174	572
windows-119	windows		image	Sacramento	US	38.5810606	-121.493895	window_photo	windows,image,photo	1ENotHi5rt7qy0HXwpq72NyHl7SABM5R1	https://lh3.googleusercontent.com/d/1ENotHi5rt7qy0HXwpq72NyHl7SABM5R1=w2200	/images/1ENotHi5rt7qy0HXwpq72NyHl7SABM5R1.jpg	/images/1ENotHi5rt7qy0HXwpq72NyHl7SABM5R1.jpg			175	573
broken-173-image	broken	broken-173	image	Sacramento	US	38.5810606	-121.493895	window_photo	broken,image,window	1ENotHi5rt7qy0HXwpq72NyHl7SABM5R1	https://lh3.googleusercontent.com/d/1ENotHi5rt7qy0HXwpq72NyHl7SABM5R1=w2200	/images/1ENotHi5rt7qy0HXwpq72NyHl7SABM5R1.jpg	/images/1ENotHi5rt7qy0HXwpq72NyHl7SABM5R1.jpg			175	574
broken-173-text	broken	broken-173	text	Rio de Janeiro	BR	-22.9110137	-43.2093727	street	broken,text,description,street					a house with a car in front		175	575
windows-120	windows		image	Kirkintilloch	GB	55.9383914	-4.1549049	window_photo	windows,image,photo	1UrRcB97lQxFeIBVlrDETQ2VMF46LxEfr	https://lh3.googleusercontent.com/d/1UrRcB97lQxFeIBVlrDETQ2VMF46LxEfr=w2200	/images/1UrRcB97lQxFeIBVlrDETQ2VMF46LxEfr.jpg	/images/1UrRcB97lQxFeIBVlrDETQ2VMF46LxEfr.jpg			176	576
broken-174-image	broken	broken-174	image	Kirkintilloch	GB	55.9383914	-4.1549049	window_photo	broken,image,window	1UrRcB97lQxFeIBVlrDETQ2VMF46LxEfr	https://lh3.googleusercontent.com/d/1UrRcB97lQxFeIBVlrDETQ2VMF46LxEfr=w2200	/images/1UrRcB97lQxFeIBVlrDETQ2VMF46LxEfr.jpg	/images/1UrRcB97lQxFeIBVlrDETQ2VMF46LxEfr.jpg			176	577
windows-121	windows		image	Sunland Park	US	31.796496	-106.579989	window_photo	windows,image,photo	1C_kh_HRF_zQ-EDXfVZBCMnzgmNE5pq8W	https://lh3.googleusercontent.com/d/1C_kh_HRF_zQ-EDXfVZBCMnzgmNE5pq8W=w2200	/images/1C_kh_HRF_zQ-EDXfVZBCMnzgmNE5pq8W.jpg	/images/1C_kh_HRF_zQ-EDXfVZBCMnzgmNE5pq8W.jpg			177	578
broken-175-image	broken	broken-175	image	Sunland Park	US	31.796496	-106.579989	window_photo	broken,image,window	1C_kh_HRF_zQ-EDXfVZBCMnzgmNE5pq8W	https://lh3.googleusercontent.com/d/1C_kh_HRF_zQ-EDXfVZBCMnzgmNE5pq8W=w2200	/images/1C_kh_HRF_zQ-EDXfVZBCMnzgmNE5pq8W.jpg	/images/1C_kh_HRF_zQ-EDXfVZBCMnzgmNE5pq8W.jpg			177	579
broken-175-text	broken	broken-175	text	United States	US	39.7837304	-100.445882	description	broken,text,description,description					good		177	580
broken-175-drawing	broken	broken-175	drawing	US				drawing_response	broken,image,drawing	1H1zrgwJaJHXmsJJQKd1SdvxdtYJunbCh	https://lh3.googleusercontent.com/d/1H1zrgwJaJHXmsJJQKd1SdvxdtYJunbCh=w2200	/images/1H1zrgwJaJHXmsJJQKd1SdvxdtYJunbCh.jpg	/images/1H1zrgwJaJHXmsJJQKd1SdvxdtYJunbCh.jpg			177	581
broken-176-image	broken	broken-176	image	Sunland Park	US	31.796496	-106.579989	window_photo	broken,image,window	1C_kh_HRF_zQ-EDXfVZBCMnzgmNE5pq8W	https://lh3.googleusercontent.com/d/1C_kh_HRF_zQ-EDXfVZBCMnzgmNE5pq8W=w2200	/images/1C_kh_HRF_zQ-EDXfVZBCMnzgmNE5pq8W.jpg	/images/1C_kh_HRF_zQ-EDXfVZBCMnzgmNE5pq8W.jpg			178	582
broken-176-text	broken	broken-176	text	Wasilla	US	61.5824216	-149.442563	nature	broken,text,description,nature					I see that the home is green and has mountain views with a wide variety of trees and plants. Around the home's perimeter is an array of objects, including street signs; and other objects positioned both within and outside the home's metal fence.		178	583
windows-122	windows		image	San Francisco	US	37.7790262	-122.419906	window_photo	windows,image,photo	1-Jotd2Ei9VWt0Dcim8AvzPHxJeZMqu3X	https://lh3.googleusercontent.com/d/1-Jotd2Ei9VWt0Dcim8AvzPHxJeZMqu3X=w2200	/images/1-Jotd2Ei9VWt0Dcim8AvzPHxJeZMqu3X.jpg	/images/1-Jotd2Ei9VWt0Dcim8AvzPHxJeZMqu3X.jpg			179	584
broken-177-image	broken	broken-177	image	San Francisco	US	37.7790262	-122.419906	window_photo	broken,image,window	1-Jotd2Ei9VWt0Dcim8AvzPHxJeZMqu3X	https://lh3.googleusercontent.com/d/1-Jotd2Ei9VWt0Dcim8AvzPHxJeZMqu3X=w2200	/images/1-Jotd2Ei9VWt0Dcim8AvzPHxJeZMqu3X.jpg	/images/1-Jotd2Ei9VWt0Dcim8AvzPHxJeZMqu3X.jpg			179	585
broken-177-text	broken	broken-177	text	United States	US	39.7837304	-100.445882	description	broken,text,description,description					LIKE		179	586
broken-178-image	broken	broken-178	image	San Francisco	US	37.7790262	-122.419906	window_photo	broken,image,window	1-Jotd2Ei9VWt0Dcim8AvzPHxJeZMqu3X	https://lh3.googleusercontent.com/d/1-Jotd2Ei9VWt0Dcim8AvzPHxJeZMqu3X=w2200	/images/1-Jotd2Ei9VWt0Dcim8AvzPHxJeZMqu3X.jpg	/images/1-Jotd2Ei9VWt0Dcim8AvzPHxJeZMqu3X.jpg			180	587
broken-178-text	broken	broken-178	text	Rio de Janeiro	BR	-22.9110137	-43.2093727	sunset	broken,text,description,sunset					a sunset and some buildings		180	588
broken-178-drawing	broken	broken-178	drawing	Brazil				drawing_response	broken,image,drawing	1ApXOZPc6Lizl63BBr6YcwuGN6K3DkYzh	https://lh3.googleusercontent.com/d/1ApXOZPc6Lizl63BBr6YcwuGN6K3DkYzh=w2200	/images/1ApXOZPc6Lizl63BBr6YcwuGN6K3DkYzh.jpg	/images/1ApXOZPc6Lizl63BBr6YcwuGN6K3DkYzh.jpg			180	589
broken-179-image	broken	broken-179	image	San Francisco	US	37.7790262	-122.419906	window_photo	broken,image,window	1-Jotd2Ei9VWt0Dcim8AvzPHxJeZMqu3X	https://lh3.googleusercontent.com/d/1-Jotd2Ei9VWt0Dcim8AvzPHxJeZMqu3X=w2200	/images/1-Jotd2Ei9VWt0Dcim8AvzPHxJeZMqu3X.jpg	/images/1-Jotd2Ei9VWt0Dcim8AvzPHxJeZMqu3X.jpg			181	590
broken-179-text	broken	broken-179	text	Rio de Janeiro	BR	-22.9110137	-43.2093727	sunset	broken,text,description,sunset					a sunset and some buildings		181	591
broken-179-drawing	broken	broken-179	drawing	Dubai				drawing_response	broken,image,drawing	1Vi1a2PMSN4U_M-xss_UN0eBEuwt0m82c	https://lh3.googleusercontent.com/d/1Vi1a2PMSN4U_M-xss_UN0eBEuwt0m82c=w2200	/images/1Vi1a2PMSN4U_M-xss_UN0eBEuwt0m82c.jpg	/images/1Vi1a2PMSN4U_M-xss_UN0eBEuwt0m82c.jpg			181	592
windows-123	windows		image	Pitchampalayam	IN	11.127834	77.3415747	window_photo	windows,image,photo	1b1u34zvlNgmE0G7cw0qsjBtYciKg_NBo	https://lh3.googleusercontent.com/d/1b1u34zvlNgmE0G7cw0qsjBtYciKg_NBo=w2200	/images/1b1u34zvlNgmE0G7cw0qsjBtYciKg_NBo.jpg	/images/1b1u34zvlNgmE0G7cw0qsjBtYciKg_NBo.jpg			182	593
broken-180-image	broken	broken-180	image	Pitchampalayam	IN	11.127834	77.3415747	window_photo	broken,image,window	1b1u34zvlNgmE0G7cw0qsjBtYciKg_NBo	https://lh3.googleusercontent.com/d/1b1u34zvlNgmE0G7cw0qsjBtYciKg_NBo=w2200	/images/1b1u34zvlNgmE0G7cw0qsjBtYciKg_NBo.jpg	/images/1b1u34zvlNgmE0G7cw0qsjBtYciKg_NBo.jpg			182	594
broken-180-text	broken	broken-180	text	Louisiana	US	30.8703881	-92.007126	nature	broken,text,description,nature					i see a building and a bike and a tree		182	595
broken-180-drawing	broken	broken-180	drawing	rio de janeiro				drawing_response	broken,image,drawing	1EZxxegNko8Px0kpWYz8KkpGydq3CWwBA	https://lh3.googleusercontent.com/d/1EZxxegNko8Px0kpWYz8KkpGydq3CWwBA=w2200	/images/1EZxxegNko8Px0kpWYz8KkpGydq3CWwBA.jpg	/images/1EZxxegNko8Px0kpWYz8KkpGydq3CWwBA.jpg			182	596
windows-124	windows		image	Mumbai	IN	19.0785451	72.878176	window_photo	windows,image,photo	1NTA6Y1MXdX5n1UKjeg2ZPqPRT-wHLM4L	https://lh3.googleusercontent.com/d/1NTA6Y1MXdX5n1UKjeg2ZPqPRT-wHLM4L=w2200	/images/1NTA6Y1MXdX5n1UKjeg2ZPqPRT-wHLM4L.jpg	/images/1NTA6Y1MXdX5n1UKjeg2ZPqPRT-wHLM4L.jpg			183	597
broken-181-image	broken	broken-181	image	Mumbai	IN	19.0785451	72.878176	window_photo	broken,image,window	1NTA6Y1MXdX5n1UKjeg2ZPqPRT-wHLM4L	https://lh3.googleusercontent.com/d/1NTA6Y1MXdX5n1UKjeg2ZPqPRT-wHLM4L=w2200	/images/1NTA6Y1MXdX5n1UKjeg2ZPqPRT-wHLM4L.jpg	/images/1NTA6Y1MXdX5n1UKjeg2ZPqPRT-wHLM4L.jpg			183	598
broken-181-text	broken	broken-181	text	Rio de Janeiro	BR	-22.9110137	-43.2093727	urban	broken,text,description,urban					a wooded city		183	599
windows-125	windows		image	Mumbai	IN	19.0785451	72.878176	window_photo	windows,image,photo	11q6Y9l0lP7BvTz-3ufFNBbTWkOFt3sHR	https://lh3.googleusercontent.com/d/11q6Y9l0lP7BvTz-3ufFNBbTWkOFt3sHR=w2200	/images/11q6Y9l0lP7BvTz-3ufFNBbTWkOFt3sHR.jpg	/images/11q6Y9l0lP7BvTz-3ufFNBbTWkOFt3sHR.jpg			184	600
broken-182-image	broken	broken-182	image	Mumbai	IN	19.0785451	72.878176	window_photo	broken,image,window	11q6Y9l0lP7BvTz-3ufFNBbTWkOFt3sHR	https://lh3.googleusercontent.com/d/11q6Y9l0lP7BvTz-3ufFNBbTWkOFt3sHR=w2200	/images/11q6Y9l0lP7BvTz-3ufFNBbTWkOFt3sHR.jpg	/images/11q6Y9l0lP7BvTz-3ufFNBbTWkOFt3sHR.jpg			184	601
broken-182-text	broken	broken-182	text	Rio de Janeiro	BR	-22.9110137	-43.2093727	nature	broken,text,description,nature					a big tree in front of a building		184	602
broken-183-text	broken	broken-183	text	Texas	US	31.2638905	-98.5456116	description	broken,text,description,description					picture shows more in day to day life.		185	605
windows-127	windows		image	Jacksonville	US	30.3321838	-81.655651	window_photo	windows,image,photo	1KaMD4OO1T-s-ZgjJbZ4RpkEu3d5yAB3y	https://lh3.googleusercontent.com/d/1KaMD4OO1T-s-ZgjJbZ4RpkEu3d5yAB3y=w2200	/images/1KaMD4OO1T-s-ZgjJbZ4RpkEu3d5yAB3y.jpg	/images/1KaMD4OO1T-s-ZgjJbZ4RpkEu3d5yAB3y.jpg			187	606
broken-184-image	broken	broken-184	image	Jacksonville	US	30.3321838	-81.655651	window_photo	broken,image,window	1KaMD4OO1T-s-ZgjJbZ4RpkEu3d5yAB3y	https://lh3.googleusercontent.com/d/1KaMD4OO1T-s-ZgjJbZ4RpkEu3d5yAB3y=w2200	/images/1KaMD4OO1T-s-ZgjJbZ4RpkEu3d5yAB3y.jpg	/images/1KaMD4OO1T-s-ZgjJbZ4RpkEu3d5yAB3y.jpg			187	607
broken-184-text	broken	broken-184	text	Marietta	US	33.9528472	-84.5496148	description	broken,text,description,description					the complex pattern of curtain closing the door. The curtain has many kinds of animals and as well as fishes on it which colourful.		187	608
broken-185-image	broken	broken-185	image	Quitman	US	32.7957722	-95.4518285	window_photo	broken,image,window	1JVy6R6vgXn9fQaOq4UGhvGNMVXy1wCGp	https://lh3.googleusercontent.com/d/1JVy6R6vgXn9fQaOq4UGhvGNMVXy1wCGp=w2200	/images/1JVy6R6vgXn9fQaOq4UGhvGNMVXy1wCGp.jpg	/images/1JVy6R6vgXn9fQaOq4UGhvGNMVXy1wCGp.jpg			188	609
broken-185-text	broken	broken-185	text	Rio de Janeiro	BR	-22.9110137	-43.2093727	urban	broken,text,description,urban					a house with some paths to get to it		188	610
broken-186-image	broken	broken-186	image	City of New York	US	40.8466508	-73.8785937	window_photo	broken,image,window	1nXpH7sGJT4E8r6e5k9UWCMJY-j8yh9TC	https://lh3.googleusercontent.com/d/1nXpH7sGJT4E8r6e5k9UWCMJY-j8yh9TC=w2200	/images/1nXpH7sGJT4E8r6e5k9UWCMJY-j8yh9TC.jpg	/images/1nXpH7sGJT4E8r6e5k9UWCMJY-j8yh9TC.jpg			189	611
broken-186-text	broken	broken-186	text	India	IN	22.3511148	78.6677428	urban	broken,text,description,urban					i think this windows view like very cool. gift of eyes of the window view..		189	612
broken-187-image	broken	broken-187	image	City of New York	US	40.8466508	-73.8785937	window_photo	broken,image,window	1nXpH7sGJT4E8r6e5k9UWCMJY-j8yh9TC	https://lh3.googleusercontent.com/d/1nXpH7sGJT4E8r6e5k9UWCMJY-j8yh9TC=w2200	/images/1nXpH7sGJT4E8r6e5k9UWCMJY-j8yh9TC.jpg	/images/1nXpH7sGJT4E8r6e5k9UWCMJY-j8yh9TC.jpg			190	613
broken-187-text	broken	broken-187	text	India	IN	22.3511148	78.6677428	urban	broken,text,description,urban					out side of picture...building very nice		190	614
broken-188-text	broken	broken-188	text	Gulfport	US	30.3674198	-89.0928155	urban	broken,text,description,urban					Bluish-steel bars are pictured in the forefront of the picture. In between the bars, a yellow multiple-story building and its roofs dark shingles are shown. Beyond the yellow building is another tall brown structure with a window peering into a darkened room. This is all overcast by an inky darkness, assumed to be the sky at night.		191	617
broken-189-text	broken	broken-189	text	Florida	US	27.7567667	-81.4639835	description	broken,text,description,description					Steel grills		192	619
broken-190-text	broken	broken-190	text	Delaware	US	38.6920451	-75.4013315	description	broken,text,description,description					one chair and one ball		193	622
broken-191-text	broken	broken-191	text	Rio de Janeiro	BR	-22.9110137	-43.2093727	urban	broken,text,description,urban					a ladder of a house on the lawn		194	625
broken-191-drawing	broken	broken-191	drawing	chennai				drawing_response	broken,image,drawing	1TmRIdAPyVt5kVsTK9fNsEHWkZwb9pQYQ	https://lh3.googleusercontent.com/d/1TmRIdAPyVt5kVsTK9fNsEHWkZwb9pQYQ=w2200	/images/1TmRIdAPyVt5kVsTK9fNsEHWkZwb9pQYQ.jpg	/images/1TmRIdAPyVt5kVsTK9fNsEHWkZwb9pQYQ.jpg			194	626
broken-192-text	broken	broken-192	text	Alaska	US	64.4459613	-149.680909	nature	broken,text,description,nature					beautiful window with sun light.. some trees are infront of window		195	629
broken-193-text	broken	broken-193	text	Texas	US	31.2638905	-98.5456116	description	broken,text,description,description					Web page of any browser home page.		196	632
broken-194-text	broken	broken-194	text	Chennai	IN	13.0836939	80.270186	description	broken,text,description,description					i think this is laptop screen		197	635
broken-195-text	broken	broken-195	text	Florida	US	27.7567667	-81.4639835	sunset	broken,text,description,sunset					Beautiful sunset		198	638
broken-196-text	broken	broken-196	text	Muncie	US	40.1936892	-85.3865271	urban	broken,text,description,urban					a glass window showing out side		199	641
broken-197-text	broken	broken-197	text	India	IN	22.3511148	78.6677428	nature	broken,text,description,nature					the garden and the outer side view very nice.. nice vaction area		200	644
broken-198-text	broken	broken-198	text	Washington	US	38.8950368	-77.0365427	description	broken,text,description,description					community home		201	647
broken-199-text	broken	broken-199	text	United States	US	39.7837304	-100.445882	street	broken,text,description,street					THIS PHOTO IS WINDOW SIDE IN ROAD		202	650
broken-200-text	broken	broken-200	text	Rio de Janeiro	BR	-22.9110137	-43.2093727	urban	broken,text,description,urban					a window with screen		203	652
broken-201-text	broken	broken-201	text	Tamil Nadu	IN	11.28422485	78.16615284	urban	broken,text,description,urban					THERE ARE SHOW MUCH OF PLANTS IN THE INSIDE OF HOUSE.		204	655
broken-202-text	broken	broken-202	text					urban	broken,text,description,urban					WINDOW OUT SIDE THE PLANET AND FLOWERS		205	658
broken-203-text	broken	broken-203	text	Louisiana	US	30.8703881	-92.007126	nature	broken,text,description,nature					A SMALL HOUSE GARDEN FROM A WINDOW		206	660
broken-204-text	broken	broken-204	text	India	IN	22.3511148	78.6677428	nature	broken,text,description,nature					this is villa or restaurant. i dont know but very nice parking place. nice area		207	663
broken-205-text	broken	broken-205	text	Rio de Janeiro	BR	-22.9110137	-43.2093727	urban	broken,text,description,urban					a window in the quiet and peaceful place		208	666
broken-206-text	broken	broken-206	text	Los Angeles	US	34.1689295	-118.536567	urban	broken,text,description,urban					It is an window . drag the google chrome		209	669
broken-207-text	broken	broken-207	text	Florida	US	27.7567667	-81.4639835	nature	broken,text,description,nature					evergreen forest		210	672
broken-208-text	broken	broken-208	text	India	IN	22.3511148	78.6677428	urban	broken,text,description,urban					i think this is house back side window.		211	675
broken-209-text	broken	broken-209	text	California	US	36.7014631	-118.755997	description	broken,text,description,description					I SAW A NATURAL VIEW		212	678
broken-210-text	broken	broken-210	text	India	IN	22.3511148	78.6677428	nature	broken,text,description,nature					i think this is the park of the place. park is nice but summer time is not spending good.		213	681
broken-211-text	broken	broken-211	text	Maryland	US	39.3270456	-77.6641576	nature	broken,text,description,nature					I am seeing a street and houses.		214	684
broken-212-text	broken	broken-212	text	South Dakota	US	43.9176386	-99.8581638	description	broken,text,description,description					howes		215	686
screens-1	screens		image	Undefined	US	39.7837304	-100.445882	desktop_screenshot	screens,image,screenshot	1mMEW7Kih8k5ln-m-Foh4-ec-vYjbcvP0	https://lh3.googleusercontent.com/d/1mMEW7Kih8k5ln-m-Foh4-ec-vYjbcvP0=w2200	/images/1mMEW7Kih8k5ln-m-Foh4-ec-vYjbcvP0.jpg	/images/1mMEW7Kih8k5ln-m-Foh4-ec-vYjbcvP0.jpg			2	687
screens-2	screens		image	Albuquerque	US	35.0841034	-106.650985	desktop_screenshot	screens,image,screenshot	1Hd25TMm_3H9wYf2Py1dXB-oEGWjiNWKb	https://lh3.googleusercontent.com/d/1Hd25TMm_3H9wYf2Py1dXB-oEGWjiNWKb=w2200	/images/1Hd25TMm_3H9wYf2Py1dXB-oEGWjiNWKb.jpg	/images/1Hd25TMm_3H9wYf2Py1dXB-oEGWjiNWKb.jpg			3	688
screens-3	screens		image	Village of Suffern	US	41.1151372	-74.1493948	desktop_screenshot	screens,image,screenshot	1meCbYYZnwAjfP2XHGvDuwpBkx7FmzEmQ	https://lh3.googleusercontent.com/d/1meCbYYZnwAjfP2XHGvDuwpBkx7FmzEmQ=w2200	/images/1meCbYYZnwAjfP2XHGvDuwpBkx7FmzEmQ.jpg	/images/1meCbYYZnwAjfP2XHGvDuwpBkx7FmzEmQ.jpg			4	689
screens-4	screens		image	Undefined	IN	28.6273928	77.1716954	desktop_screenshot	screens,image,screenshot	1KWDdFDNd8Psjl1gIqBboQ3XVTTHwSRzJ	https://lh3.googleusercontent.com/d/1KWDdFDNd8Psjl1gIqBboQ3XVTTHwSRzJ=w2200	/images/1KWDdFDNd8Psjl1gIqBboQ3XVTTHwSRzJ.jpg	/images/1KWDdFDNd8Psjl1gIqBboQ3XVTTHwSRzJ.jpg			5	690
screens-5	screens		image	London	GB	51.5074456	-0.1277653	desktop_screenshot	screens,image,screenshot	1P4N3Dah6XXRJbm72zY3cqm-6v_H_1UzB	https://lh3.googleusercontent.com/d/1P4N3Dah6XXRJbm72zY3cqm-6v_H_1UzB=w2200	/images/1P4N3Dah6XXRJbm72zY3cqm-6v_H_1UzB.jpg	/images/1P4N3Dah6XXRJbm72zY3cqm-6v_H_1UzB.jpg			6	691
screens-6	screens		image	Undefined	US	44.4604931	-89.5108818	desktop_screenshot	screens,image,screenshot	1j9bRoywvksKbuFMY3DfG2PDOQIgIEHxY	https://lh3.googleusercontent.com/d/1j9bRoywvksKbuFMY3DfG2PDOQIgIEHxY=w2200	/images/1j9bRoywvksKbuFMY3DfG2PDOQIgIEHxY.jpg	/images/1j9bRoywvksKbuFMY3DfG2PDOQIgIEHxY.jpg			7	692
screens-7	screens		image	Austin	US	30.2711286	-97.7436995	desktop_screenshot	screens,image,screenshot	1ye3DMqlFNdJjPNf_1JmOLYZWA-kQuGDd	https://lh3.googleusercontent.com/d/1ye3DMqlFNdJjPNf_1JmOLYZWA-kQuGDd=w2200	/images/1ye3DMqlFNdJjPNf_1JmOLYZWA-kQuGDd.jpg	/images/1ye3DMqlFNdJjPNf_1JmOLYZWA-kQuGDd.jpg			8	693
screens-8	screens		image	Iowa City	US	41.6612561	-91.5299106	desktop_screenshot	screens,image,screenshot	1I7H1k3wUQJScBlpctF0fQ90-hMGfWSTp	https://lh3.googleusercontent.com/d/1I7H1k3wUQJScBlpctF0fQ90-hMGfWSTp=w2200	/images/1I7H1k3wUQJScBlpctF0fQ90-hMGfWSTp.jpg	/images/1I7H1k3wUQJScBlpctF0fQ90-hMGfWSTp.jpg			9	694
screens-9	screens		image	Undefined	BR	-22.9110137	-43.2093727	desktop_screenshot	screens,image,screenshot	1ct8BxU8xKZjLC6CrS7RURzTm3vtYdeX_	https://lh3.googleusercontent.com/d/1ct8BxU8xKZjLC6CrS7RURzTm3vtYdeX_=w2200	/images/1ct8BxU8xKZjLC6CrS7RURzTm3vtYdeX_.jpg	/images/1ct8BxU8xKZjLC6CrS7RURzTm3vtYdeX_.jpg			10	695
screens-10	screens		image	St. Augustine	US	40.7183728	-90.4109616	desktop_screenshot	screens,image,screenshot	1gGbaM18kcBqRYtC_EFuwbrAPSrgyRBEg	https://lh3.googleusercontent.com/d/1gGbaM18kcBqRYtC_EFuwbrAPSrgyRBEg=w2200	/images/1gGbaM18kcBqRYtC_EFuwbrAPSrgyRBEg.jpg	/images/1gGbaM18kcBqRYtC_EFuwbrAPSrgyRBEg.jpg			11	696
screens-11	screens		image	Holyoke	US	42.2071184	-72.6075851	desktop_screenshot	screens,image,screenshot	1wGt6hLoB-ew1AtR9GUAL8d_zAnLvRh4S	https://lh3.googleusercontent.com/d/1wGt6hLoB-ew1AtR9GUAL8d_zAnLvRh4S=w2200	/images/1wGt6hLoB-ew1AtR9GUAL8d_zAnLvRh4S.jpg	/images/1wGt6hLoB-ew1AtR9GUAL8d_zAnLvRh4S.jpg			12	697
screens-12	screens		image	Thành phố Hạ Long	VN	20.942463	107.1236048	desktop_screenshot	screens,image,screenshot	1UYDrElbBrcfK2G4G4SmWyJ9CZQclxFpw	https://lh3.googleusercontent.com/d/1UYDrElbBrcfK2G4G4SmWyJ9CZQclxFpw=w2200	/images/1UYDrElbBrcfK2G4G4SmWyJ9CZQclxFpw.jpg	/images/1UYDrElbBrcfK2G4G4SmWyJ9CZQclxFpw.jpg			13	698
screens-13	screens		image	Lawrenceburg	US	38.0371378	-84.8962551	desktop_screenshot	screens,image,screenshot	1vn1dsJZ2zqR7jGDRftDsCBCuTXttf1_Q	https://lh3.googleusercontent.com/d/1vn1dsJZ2zqR7jGDRftDsCBCuTXttf1_Q=w2200	/images/1vn1dsJZ2zqR7jGDRftDsCBCuTXttf1_Q.jpg	/images/1vn1dsJZ2zqR7jGDRftDsCBCuTXttf1_Q.jpg			14	699
screens-14	screens		image	Undefined	US	39.7837304	-100.445882	desktop_screenshot	screens,image,screenshot	1Zku8sO05xSgcZHJ67JTzGjU-GhbPcYP2	https://lh3.googleusercontent.com/d/1Zku8sO05xSgcZHJ67JTzGjU-GhbPcYP2=w2200	/images/1Zku8sO05xSgcZHJ67JTzGjU-GhbPcYP2.png	/images/1Zku8sO05xSgcZHJ67JTzGjU-GhbPcYP2.png			15	700
screens-15	screens		image	Perimetro Urbano Pereira	CO	4.8143159	-75.6946778	desktop_screenshot	screens,image,screenshot	1EA8RqRvK0HmJPxjY2G0fMZ2Ibz1ehKXE	https://lh3.googleusercontent.com/d/1EA8RqRvK0HmJPxjY2G0fMZ2Ibz1ehKXE=w2200	/images/1EA8RqRvK0HmJPxjY2G0fMZ2Ibz1ehKXE.jpg	/images/1EA8RqRvK0HmJPxjY2G0fMZ2Ibz1ehKXE.jpg			16	701
screens-16	screens		image	Undefined	US	36.7014631	-118.755997	desktop_screenshot	screens,image,screenshot	1WrYaQXnD26-IoVpG235ZKqy5sAQYm4Uu	https://lh3.googleusercontent.com/d/1WrYaQXnD26-IoVpG235ZKqy5sAQYm4Uu=w2200	/images/1WrYaQXnD26-IoVpG235ZKqy5sAQYm4Uu.jpg	/images/1WrYaQXnD26-IoVpG235ZKqy5sAQYm4Uu.jpg			17	702
screens-17	screens		image	Undefined	US	43.2484584	-86.129351	desktop_screenshot	screens,image,screenshot	1qh-j_-CCk93gPrDFoMnDwcEYGmk9GHQ0	https://lh3.googleusercontent.com/d/1qh-j_-CCk93gPrDFoMnDwcEYGmk9GHQ0=w2200	/images/1qh-j_-CCk93gPrDFoMnDwcEYGmk9GHQ0.jpg	/images/1qh-j_-CCk93gPrDFoMnDwcEYGmk9GHQ0.jpg			18	703
screens-18	screens		image	Undefined	US	39.7837304	-100.445882	desktop_screenshot	screens,image,screenshot	1BKUpKvUYFcbuOopOiwEoRo2_9SOEaybF	https://lh3.googleusercontent.com/d/1BKUpKvUYFcbuOopOiwEoRo2_9SOEaybF=w2200	/images/1BKUpKvUYFcbuOopOiwEoRo2_9SOEaybF.jpg	/images/1BKUpKvUYFcbuOopOiwEoRo2_9SOEaybF.jpg			19	704
screens-19	screens		image	Cedar City	US	37.6774238	-113.061827	desktop_screenshot	screens,image,screenshot	1Q07rDdHIHUvUvZAHhxAR2CTzePGTG8qd	https://lh3.googleusercontent.com/d/1Q07rDdHIHUvUvZAHhxAR2CTzePGTG8qd=w2200	/images/1Q07rDdHIHUvUvZAHhxAR2CTzePGTG8qd.jpg	/images/1Q07rDdHIHUvUvZAHhxAR2CTzePGTG8qd.jpg			20	705
screens-20	screens		image	Undefined	US	39.7837304	-100.445882	desktop_screenshot	screens,image,screenshot	1a1l25fvyGBqiSviOZhLqq3MYXSuzFxVU	https://lh3.googleusercontent.com/d/1a1l25fvyGBqiSviOZhLqq3MYXSuzFxVU=w2200	/images/1a1l25fvyGBqiSviOZhLqq3MYXSuzFxVU.jpg	/images/1a1l25fvyGBqiSviOZhLqq3MYXSuzFxVU.jpg			21	706
screens-21	screens		image	Bolingbrook	US	41.7003302	-88.0717708	desktop_screenshot	screens,image,screenshot	1Q16NkG6tglBmV9egjiQLqSJOckanAfeV	https://lh3.googleusercontent.com/d/1Q16NkG6tglBmV9egjiQLqSJOckanAfeV=w2200	/images/1Q16NkG6tglBmV9egjiQLqSJOckanAfeV.jpg	/images/1Q16NkG6tglBmV9egjiQLqSJOckanAfeV.jpg			22	707
screens-22	screens		image	Bolingbrook	US	41.7003302	-88.0717708	desktop_screenshot	screens,image,screenshot	1NsV7mVnb8V5IUXXghJnMg9TWOnrtczTd	https://lh3.googleusercontent.com/d/1NsV7mVnb8V5IUXXghJnMg9TWOnrtczTd=w2200	/images/1NsV7mVnb8V5IUXXghJnMg9TWOnrtczTd.jpg	/images/1NsV7mVnb8V5IUXXghJnMg9TWOnrtczTd.jpg			23	708
screens-23	screens		image	Undefined	US	39.7837304	-100.445882	desktop_screenshot	screens,image,screenshot	1y9BjeIurkE8-_kk4Cg87it8UyvPiZKxT	https://lh3.googleusercontent.com/d/1y9BjeIurkE8-_kk4Cg87it8UyvPiZKxT=w2200	/images/1y9BjeIurkE8-_kk4Cg87it8UyvPiZKxT.jpg	/images/1y9BjeIurkE8-_kk4Cg87it8UyvPiZKxT.jpg			24	709
screens-24	screens		image	Undefined	IN	22.3511148	78.6677428	desktop_screenshot	screens,image,screenshot	13LX1v8Qn4xP-Wxt0ZLJqX7iOK9Ffk4FR	https://lh3.googleusercontent.com/d/13LX1v8Qn4xP-Wxt0ZLJqX7iOK9Ffk4FR=w2200	/images/13LX1v8Qn4xP-Wxt0ZLJqX7iOK9Ffk4FR.jpg	/images/13LX1v8Qn4xP-Wxt0ZLJqX7iOK9Ffk4FR.jpg			25	710
screens-25	screens		image	Undefined	US	37.1232245	-78.4927721	desktop_screenshot	screens,image,screenshot	161c2XuTN71NB79j5hwLdZCZvBn2ZlsmC	https://lh3.googleusercontent.com/d/161c2XuTN71NB79j5hwLdZCZvBn2ZlsmC=w2200	/images/161c2XuTN71NB79j5hwLdZCZvBn2ZlsmC.png	/images/161c2XuTN71NB79j5hwLdZCZvBn2ZlsmC.png			26	711
screens-26	screens		image	Gijón / Xixón	ES	43.5449422	-5.66275	desktop_screenshot	screens,image,screenshot	1zDG9k0QUIp53_ccLXX1CpM2y_KSh9OhF	https://lh3.googleusercontent.com/d/1zDG9k0QUIp53_ccLXX1CpM2y_KSh9OhF=w2200	/images/1zDG9k0QUIp53_ccLXX1CpM2y_KSh9OhF.jpg	/images/1zDG9k0QUIp53_ccLXX1CpM2y_KSh9OhF.jpg			27	712
screens-27	screens		image	Undefined	IN	22.3511148	78.6677428	desktop_screenshot	screens,image,screenshot	1Mej-OBZXk5dNYBdV-SgZlaq85JZsVLrB	https://lh3.googleusercontent.com/d/1Mej-OBZXk5dNYBdV-SgZlaq85JZsVLrB=w2200	/images/1Mej-OBZXk5dNYBdV-SgZlaq85JZsVLrB.jpg	/images/1Mej-OBZXk5dNYBdV-SgZlaq85JZsVLrB.jpg			28	713
screens-28	screens		image	Undefined	US	39.7837304	-100.445882	desktop_screenshot	screens,image,screenshot	1mCzz5LOUsx4C4mK6_RI8Z9QemAcyqm9W	https://lh3.googleusercontent.com/d/1mCzz5LOUsx4C4mK6_RI8Z9QemAcyqm9W=w2200	/images/1mCzz5LOUsx4C4mK6_RI8Z9QemAcyqm9W.png	/images/1mCzz5LOUsx4C4mK6_RI8Z9QemAcyqm9W.png			29	714
screens-29	screens		image	New Britain	US	41.6612104	-72.7795419	desktop_screenshot	screens,image,screenshot	1XZZvXC3jnKh0LQn4ZUITEafDzokEKBIe	https://lh3.googleusercontent.com/d/1XZZvXC3jnKh0LQn4ZUITEafDzokEKBIe=w2200	/images/1XZZvXC3jnKh0LQn4ZUITEafDzokEKBIe.jpg	/images/1XZZvXC3jnKh0LQn4ZUITEafDzokEKBIe.jpg			30	715
screens-30	screens		image	City of New York	US	40.5724274	-74.14520777205962	desktop_screenshot	screens,image,screenshot	1bJWYQYr89UyhA-DWn74Mm4K_rUHx3KOW	https://lh3.googleusercontent.com/d/1bJWYQYr89UyhA-DWn74Mm4K_rUHx3KOW=w2200	/images/1bJWYQYr89UyhA-DWn74Mm4K_rUHx3KOW.jpg	/images/1bJWYQYr89UyhA-DWn74Mm4K_rUHx3KOW.jpg			31	716
screens-31	screens		image	City of London	GB	51.5126762	-0.0872791	desktop_screenshot	screens,image,screenshot	1BC0CytP5_dIp6vIeJDjVYuuJQPMDASdb	https://lh3.googleusercontent.com/d/1BC0CytP5_dIp6vIeJDjVYuuJQPMDASdb=w2200	/images/1BC0CytP5_dIp6vIeJDjVYuuJQPMDASdb.png	/images/1BC0CytP5_dIp6vIeJDjVYuuJQPMDASdb.png			32	717
screens-32	screens		image	Undefined	IN	22.3511148	78.6677428	desktop_screenshot	screens,image,screenshot	1btogrl18Fbw9jb-GeuccR6dfL-ZDtKj7	https://lh3.googleusercontent.com/d/1btogrl18Fbw9jb-GeuccR6dfL-ZDtKj7=w2200	/images/1btogrl18Fbw9jb-GeuccR6dfL-ZDtKj7.jpg	/images/1btogrl18Fbw9jb-GeuccR6dfL-ZDtKj7.jpg			33	718
screens-33	screens		image	Chennai	IN	13.0836939	80.270186	desktop_screenshot	screens,image,screenshot	1Ba-1Ui8Ey3w3Ft_3Zj_0cZ2GRzzLYl3d	https://lh3.googleusercontent.com/d/1Ba-1Ui8Ey3w3Ft_3Zj_0cZ2GRzzLYl3d=w2200	/images/1Ba-1Ui8Ey3w3Ft_3Zj_0cZ2GRzzLYl3d.jpg	/images/1Ba-1Ui8Ey3w3Ft_3Zj_0cZ2GRzzLYl3d.jpg			34	719
screens-34	screens		image	City of New York	US	40.7127281	-74.0060152	desktop_screenshot	screens,image,screenshot	10Fp5D8QhhNNw7G71w1u6JrafrJnpU6Af	https://lh3.googleusercontent.com/d/10Fp5D8QhhNNw7G71w1u6JrafrJnpU6Af=w2200	/images/10Fp5D8QhhNNw7G71w1u6JrafrJnpU6Af.jpg	/images/10Fp5D8QhhNNw7G71w1u6JrafrJnpU6Af.jpg			35	720
screens-35	screens		image	Undefined	US	39.7837304	-100.445882	desktop_screenshot	screens,image,screenshot	19xBi9Gk2beruvQ4ZTwDbeA1Y5_V0Fm6f	https://lh3.googleusercontent.com/d/19xBi9Gk2beruvQ4ZTwDbeA1Y5_V0Fm6f=w2200	/images/19xBi9Gk2beruvQ4ZTwDbeA1Y5_V0Fm6f.jpg	/images/19xBi9Gk2beruvQ4ZTwDbeA1Y5_V0Fm6f.jpg			36	721
screens-36	screens		image	Richmond	US	37.5385087	-77.43428	desktop_screenshot	screens,image,screenshot	1mpGm7vmYtKbPc6MB16DY08hcGLH1yq4N	https://lh3.googleusercontent.com/d/1mpGm7vmYtKbPc6MB16DY08hcGLH1yq4N=w2200	/images/1mpGm7vmYtKbPc6MB16DY08hcGLH1yq4N.jpg	/images/1mpGm7vmYtKbPc6MB16DY08hcGLH1yq4N.jpg			37	722
screens-37	screens		image	San Antonio	US	29.4246002	-98.4951405	desktop_screenshot	screens,image,screenshot	1ZiEcMmkEU7l3TIGZGg2tudnBWmr0BJkT	https://lh3.googleusercontent.com/d/1ZiEcMmkEU7l3TIGZGg2tudnBWmr0BJkT=w2200	/images/1ZiEcMmkEU7l3TIGZGg2tudnBWmr0BJkT.jpg	/images/1ZiEcMmkEU7l3TIGZGg2tudnBWmr0BJkT.jpg			38	723
screens-38	screens		image	Pflugerville	US	30.4393696	-97.6200043	desktop_screenshot	screens,image,screenshot	1MR4SWDRyHvggbKnPPwLpKcN7xCIN3zDS	https://lh3.googleusercontent.com/d/1MR4SWDRyHvggbKnPPwLpKcN7xCIN3zDS=w2200	/images/1MR4SWDRyHvggbKnPPwLpKcN7xCIN3zDS.jpg	/images/1MR4SWDRyHvggbKnPPwLpKcN7xCIN3zDS.jpg			39	724
screens-39	screens		image	Rescaldina	IT	45.6159737	8.9489311	desktop_screenshot	screens,image,screenshot	1UO07nt1gS7pY4dpsWmZiOkqadw-LS2fi	https://lh3.googleusercontent.com/d/1UO07nt1gS7pY4dpsWmZiOkqadw-LS2fi=w2200	/images/1UO07nt1gS7pY4dpsWmZiOkqadw-LS2fi.jpg	/images/1UO07nt1gS7pY4dpsWmZiOkqadw-LS2fi.jpg			40	725
screens-40	screens		image	Kottayam	IN	9.591564	76.5221599	desktop_screenshot	screens,image,screenshot	1buAD5yhSkM9asnj7Au2psI2n9J4Z5VG9	https://lh3.googleusercontent.com/d/1buAD5yhSkM9asnj7Au2psI2n9J4Z5VG9=w2200	/images/1buAD5yhSkM9asnj7Au2psI2n9J4Z5VG9.jpg	/images/1buAD5yhSkM9asnj7Au2psI2n9J4Z5VG9.jpg			41	726
screens-41	screens		image	Undefined	US	39.7837304	-100.445882	desktop_screenshot	screens,image,screenshot	1NoqDXVOIwyTFcjRAKxsT5RNBkTnGsZNZ	https://lh3.googleusercontent.com/d/1NoqDXVOIwyTFcjRAKxsT5RNBkTnGsZNZ=w2200	/images/1NoqDXVOIwyTFcjRAKxsT5RNBkTnGsZNZ.jpg	/images/1NoqDXVOIwyTFcjRAKxsT5RNBkTnGsZNZ.jpg			42	727
screens-42	screens		image	Undefined	US	39.7837304	-100.445882	desktop_screenshot	screens,image,screenshot	18llpevOJ8cFY_HPzfx8gkbX2BFcCLj3A	https://lh3.googleusercontent.com/d/18llpevOJ8cFY_HPzfx8gkbX2BFcCLj3A=w2200	/images/18llpevOJ8cFY_HPzfx8gkbX2BFcCLj3A.jpg	/images/18llpevOJ8cFY_HPzfx8gkbX2BFcCLj3A.jpg			43	728
screens-43	screens		image	Caracas	VE	10.5060934	-66.9146008	desktop_screenshot	screens,image,screenshot	1i-C25iJeCprvBYvJN451dBY43ex4xxr8	https://lh3.googleusercontent.com/d/1i-C25iJeCprvBYvJN451dBY43ex4xxr8=w2200	/images/1i-C25iJeCprvBYvJN451dBY43ex4xxr8.jpg	/images/1i-C25iJeCprvBYvJN451dBY43ex4xxr8.jpg			44	729
screens-44	screens		image	Chennai	IN	13.0836939	80.270186	desktop_screenshot	screens,image,screenshot	1C7SzxAi21531W5Ni8wf9KQoVZ6SFfoGF	https://lh3.googleusercontent.com/d/1C7SzxAi21531W5Ni8wf9KQoVZ6SFfoGF=w2200	/images/1C7SzxAi21531W5Ni8wf9KQoVZ6SFfoGF.jpg	/images/1C7SzxAi21531W5Ni8wf9KQoVZ6SFfoGF.jpg			45	730
screens-45	screens		image	Undefined	US	39.7837304	-100.445882	desktop_screenshot	screens,image,screenshot	1HQbUKivbbGeHRZrKgijg52a0wrGHMQSD	https://lh3.googleusercontent.com/d/1HQbUKivbbGeHRZrKgijg52a0wrGHMQSD=w2200	/images/1HQbUKivbbGeHRZrKgijg52a0wrGHMQSD.jpg	/images/1HQbUKivbbGeHRZrKgijg52a0wrGHMQSD.jpg			46	731
screens-46	screens		image	Undefined	US	40.9699889	-77.7278831	desktop_screenshot	screens,image,screenshot	1n8CtYrQe2uf0XBoeihWGdFzbqPmShR22	https://lh3.googleusercontent.com/d/1n8CtYrQe2uf0XBoeihWGdFzbqPmShR22=w2200	/images/1n8CtYrQe2uf0XBoeihWGdFzbqPmShR22.jpg	/images/1n8CtYrQe2uf0XBoeihWGdFzbqPmShR22.jpg			48	732
screens-47	screens		image	Undefined	US	36.7014631	-118.755997	desktop_screenshot	screens,image,screenshot	1_2fw7PmI6IphOP_ZTY3_UXSeibD-IPIv	https://lh3.googleusercontent.com/d/1_2fw7PmI6IphOP_ZTY3_UXSeibD-IPIv=w2200	/images/1_2fw7PmI6IphOP_ZTY3_UXSeibD-IPIv.jpg	/images/1_2fw7PmI6IphOP_ZTY3_UXSeibD-IPIv.jpg			49	733
screens-48	screens		image	Kalamazoo	US	42.291707	-85.5872286	desktop_screenshot	screens,image,screenshot	1V0kpvmwSxN1cb-GVuRmeirwLwKJnGwWl	https://lh3.googleusercontent.com/d/1V0kpvmwSxN1cb-GVuRmeirwLwKJnGwWl=w2200	/images/1V0kpvmwSxN1cb-GVuRmeirwLwKJnGwWl.jpg	/images/1V0kpvmwSxN1cb-GVuRmeirwLwKJnGwWl.jpg			50	734
screens-49	screens		image	Undefined	US	39.7837304	-100.445882	desktop_screenshot	screens,image,screenshot	1KO22Nc-NSZ3DOgFvzzQSIx6hsNPAZkUb	https://lh3.googleusercontent.com/d/1KO22Nc-NSZ3DOgFvzzQSIx6hsNPAZkUb=w2200	/images/1KO22Nc-NSZ3DOgFvzzQSIx6hsNPAZkUb.jpg	/images/1KO22Nc-NSZ3DOgFvzzQSIx6hsNPAZkUb.jpg			51	735
screens-50	screens		image	Sheffield	GB	53.3806626	-1.4702278	desktop_screenshot	screens,image,screenshot	1O_T19nOv3Eu0WEtofGdkkK827dvgarzp	https://lh3.googleusercontent.com/d/1O_T19nOv3Eu0WEtofGdkkK827dvgarzp=w2200	/images/1O_T19nOv3Eu0WEtofGdkkK827dvgarzp.jpg	/images/1O_T19nOv3Eu0WEtofGdkkK827dvgarzp.jpg			52	736
screens-51	screens		image	Rancho Cordova	US	38.5890723	-121.302728	desktop_screenshot	screens,image,screenshot	18IoGqnEOeh-ynW3KypLfr8SzzXUQI6sr	https://lh3.googleusercontent.com/d/18IoGqnEOeh-ynW3KypLfr8SzzXUQI6sr=w2200	/images/18IoGqnEOeh-ynW3KypLfr8SzzXUQI6sr.png	/images/18IoGqnEOeh-ynW3KypLfr8SzzXUQI6sr.png			53	737
screens-52	screens		image	Salem	US	44.9391565	-123.033121	desktop_screenshot	screens,image,screenshot	1c7R787Ic0aln4IKzqTS3d4v_W6ZWpKu6	https://lh3.googleusercontent.com/d/1c7R787Ic0aln4IKzqTS3d4v_W6ZWpKu6=w2200	/images/1c7R787Ic0aln4IKzqTS3d4v_W6ZWpKu6.png	/images/1c7R787Ic0aln4IKzqTS3d4v_W6ZWpKu6.png			54	738
screens-53	screens		image	Undefined	US	33.7219991	-116.0372472	desktop_screenshot	screens,image,screenshot	1R502bFiBJvM5kAqfy_lLfFVF-vTBsKh0	https://lh3.googleusercontent.com/d/1R502bFiBJvM5kAqfy_lLfFVF-vTBsKh0=w2200	/images/1R502bFiBJvM5kAqfy_lLfFVF-vTBsKh0.png	/images/1R502bFiBJvM5kAqfy_lLfFVF-vTBsKh0.png			55	739
screens-54	screens		image	Kanyakumari	IN	8.0879641	77.5467414	desktop_screenshot	screens,image,screenshot	1huTQ4HgVG5lJtzUt1-DY78uxDeFJMITC	https://lh3.googleusercontent.com/d/1huTQ4HgVG5lJtzUt1-DY78uxDeFJMITC=w2200	/images/1huTQ4HgVG5lJtzUt1-DY78uxDeFJMITC.jpg	/images/1huTQ4HgVG5lJtzUt1-DY78uxDeFJMITC.jpg			56	740
screens-55	screens		image	Kanyakumari	IN	8.0879641	77.5467414	desktop_screenshot	screens,image,screenshot	1andOWKJNpM_5aqqS2qNELmFGyLTJiI2A	https://lh3.googleusercontent.com/d/1andOWKJNpM_5aqqS2qNELmFGyLTJiI2A=w2200	/images/1andOWKJNpM_5aqqS2qNELmFGyLTJiI2A.jpg	/images/1andOWKJNpM_5aqqS2qNELmFGyLTJiI2A.jpg			57	741
screens-56	screens		image	Undefined	US	39.7837304	-100.445882	desktop_screenshot	screens,image,screenshot	1KAnBYEEaMbHhyYeVg8eHE9y1ifFR3rVl	https://lh3.googleusercontent.com/d/1KAnBYEEaMbHhyYeVg8eHE9y1ifFR3rVl=w2200	/images/1KAnBYEEaMbHhyYeVg8eHE9y1ifFR3rVl.jpg	/images/1KAnBYEEaMbHhyYeVg8eHE9y1ifFR3rVl.jpg			58	742
screens-57	screens		image	Houston	US	29.7589382	-95.3676974	desktop_screenshot	screens,image,screenshot	14vjB7FrFIfcluIydIgzmPfSEHInX6FYY	https://lh3.googleusercontent.com/d/14vjB7FrFIfcluIydIgzmPfSEHInX6FYY=w2200	/images/14vjB7FrFIfcluIydIgzmPfSEHInX6FYY.jpg	/images/14vjB7FrFIfcluIydIgzmPfSEHInX6FYY.jpg			60	743
screens-58	screens		image	Undefined	US	39.7837304	-100.445882	desktop_screenshot	screens,image,screenshot	1IcyVT7AStOC2LKEbCihUAmii34jYPcuI	https://lh3.googleusercontent.com/d/1IcyVT7AStOC2LKEbCihUAmii34jYPcuI=w2200	/images/1IcyVT7AStOC2LKEbCihUAmii34jYPcuI.jpg	/images/1IcyVT7AStOC2LKEbCihUAmii34jYPcuI.jpg			61	744
screens-59	screens		image	Undefined	US	39.7837304	-100.445882	desktop_screenshot	screens,image,screenshot	1Z-hmUYfhVZ7OmBH_rOJoFHdnWpfdzJ3Z	https://lh3.googleusercontent.com/d/1Z-hmUYfhVZ7OmBH_rOJoFHdnWpfdzJ3Z=w2200	/images/1Z-hmUYfhVZ7OmBH_rOJoFHdnWpfdzJ3Z.jpg	/images/1Z-hmUYfhVZ7OmBH_rOJoFHdnWpfdzJ3Z.jpg			62	745
screens-60	screens		image	Indianapolis	US	39.7683331	-86.1583502	desktop_screenshot	screens,image,screenshot	1x2gedSZSCa9z6Jot2aB03CmPe8orh1a0	https://lh3.googleusercontent.com/d/1x2gedSZSCa9z6Jot2aB03CmPe8orh1a0=w2200	/images/1x2gedSZSCa9z6Jot2aB03CmPe8orh1a0.jpg	/images/1x2gedSZSCa9z6Jot2aB03CmPe8orh1a0.jpg			63	746
screens-61	screens		image	Indianapolis	US	39.7683331	-86.1583502	desktop_screenshot	screens,image,screenshot	1Hbm_VR7U0y_xlfZbhIIqfth8Z8aNCw0y	https://lh3.googleusercontent.com/d/1Hbm_VR7U0y_xlfZbhIIqfth8Z8aNCw0y=w2200	/images/1Hbm_VR7U0y_xlfZbhIIqfth8Z8aNCw0y.jpg	/images/1Hbm_VR7U0y_xlfZbhIIqfth8Z8aNCw0y.jpg			64	747
screens-62	screens		image	Undefined	US	39.7837304	-100.445882	desktop_screenshot	screens,image,screenshot	18Nc1lBNhm9Xxj3Er7BF1vUd85bIU3mUO	https://lh3.googleusercontent.com/d/18Nc1lBNhm9Xxj3Er7BF1vUd85bIU3mUO=w2200	/images/18Nc1lBNhm9Xxj3Er7BF1vUd85bIU3mUO.jpg	/images/18Nc1lBNhm9Xxj3Er7BF1vUd85bIU3mUO.jpg			65	748
screens-63	screens		image	Stockholms kommun	SE	59.3251172	18.0710935	desktop_screenshot	screens,image,screenshot	1weMdKZthS7h3UzSr5cJgFM1T_JQmZLpq	https://lh3.googleusercontent.com/d/1weMdKZthS7h3UzSr5cJgFM1T_JQmZLpq=w2200	/images/1weMdKZthS7h3UzSr5cJgFM1T_JQmZLpq.jpg	/images/1weMdKZthS7h3UzSr5cJgFM1T_JQmZLpq.jpg			66	749
screens-64	screens		image	Undefined	US	39.7837304	-100.445882	desktop_screenshot	screens,image,screenshot	1qvyvVEuP_E4Q_sO1CimLiqs68qE3MUxi	https://lh3.googleusercontent.com/d/1qvyvVEuP_E4Q_sO1CimLiqs68qE3MUxi=w2200	/images/1qvyvVEuP_E4Q_sO1CimLiqs68qE3MUxi.jpg	/images/1qvyvVEuP_E4Q_sO1CimLiqs68qE3MUxi.jpg			67	750
screens-65	screens		image	Undefined	IN	14.91098925	80.01534335527676	desktop_screenshot	screens,image,screenshot	1-7ybM-t6EMrVA3Tivsnq2DUuhqhsqHQx	https://lh3.googleusercontent.com/d/1-7ybM-t6EMrVA3Tivsnq2DUuhqhsqHQx=w2200	/images/1-7ybM-t6EMrVA3Tivsnq2DUuhqhsqHQx.jpg	/images/1-7ybM-t6EMrVA3Tivsnq2DUuhqhsqHQx.jpg			68	751
screens-66	screens		image	Ajmer	IN	26.4691	74.639	desktop_screenshot	screens,image,screenshot	1PSr4FCei3ndn1SdmqK4WFfQb8U02qCrD	https://lh3.googleusercontent.com/d/1PSr4FCei3ndn1SdmqK4WFfQb8U02qCrD=w2200	/images/1PSr4FCei3ndn1SdmqK4WFfQb8U02qCrD.jpg	/images/1PSr4FCei3ndn1SdmqK4WFfQb8U02qCrD.jpg			69	752
screens-67	screens		image	Milwaukee	US	43.0349931	-87.922497	desktop_screenshot	screens,image,screenshot	1SsejH6vdu_HCjRgEK5gAAt_GvI90x18I	https://lh3.googleusercontent.com/d/1SsejH6vdu_HCjRgEK5gAAt_GvI90x18I=w2200	/images/1SsejH6vdu_HCjRgEK5gAAt_GvI90x18I.jpg	/images/1SsejH6vdu_HCjRgEK5gAAt_GvI90x18I.jpg			70	753
screens-68	screens		image	Milwaukee	US	43.0349931	-87.922497	desktop_screenshot	screens,image,screenshot	1tunawr7NuSpMjKcPjerZTiMnTEQurfz5	https://lh3.googleusercontent.com/d/1tunawr7NuSpMjKcPjerZTiMnTEQurfz5=w2200	/images/1tunawr7NuSpMjKcPjerZTiMnTEQurfz5.jpg	/images/1tunawr7NuSpMjKcPjerZTiMnTEQurfz5.jpg			71	754
screens-69	screens		image	Milwaukee	US	43.0349931	-87.922497	desktop_screenshot	screens,image,screenshot	1a_pIbFSuC3gJJ0PLBUiUbPijyNUFW-hi	https://lh3.googleusercontent.com/d/1a_pIbFSuC3gJJ0PLBUiUbPijyNUFW-hi=w2200	/images/1a_pIbFSuC3gJJ0PLBUiUbPijyNUFW-hi.jpg	/images/1a_pIbFSuC3gJJ0PLBUiUbPijyNUFW-hi.jpg			72	755
screens-70	screens		image	Milwaukee	US	43.0349931	-87.922497	desktop_screenshot	screens,image,screenshot	1AfOPgSvZBDJRDId7djsiCdvnKYJS3GLg	https://lh3.googleusercontent.com/d/1AfOPgSvZBDJRDId7djsiCdvnKYJS3GLg=w2200	/images/1AfOPgSvZBDJRDId7djsiCdvnKYJS3GLg.jpg	/images/1AfOPgSvZBDJRDId7djsiCdvnKYJS3GLg.jpg			73	756
screens-71	screens		image	Milwaukee	US	43.0349931	-87.922497	desktop_screenshot	screens,image,screenshot	15fE2texv3WDWch4XJnXI9u6Ry6lFbHU-	https://lh3.googleusercontent.com/d/15fE2texv3WDWch4XJnXI9u6Ry6lFbHU-=w2200	/images/15fE2texv3WDWch4XJnXI9u6Ry6lFbHU-.jpg	/images/15fE2texv3WDWch4XJnXI9u6Ry6lFbHU-.jpg			74	757
screens-72	screens		image	Riva del Garda	IT	45.8847708	10.8396942	desktop_screenshot	screens,image,screenshot	1arfgr7DNKJhwJ6v-Cv9wvkbF9etUwYup	https://lh3.googleusercontent.com/d/1arfgr7DNKJhwJ6v-Cv9wvkbF9etUwYup=w2200	/images/1arfgr7DNKJhwJ6v-Cv9wvkbF9etUwYup.jpg	/images/1arfgr7DNKJhwJ6v-Cv9wvkbF9etUwYup.jpg			75	758
screens-73	screens		image	Undefined	IN	10.9094334	78.3665347	desktop_screenshot	screens,image,screenshot	1rSwy8_y4BtqBP1TA5uyEc_TqVhvEs-Ou	https://lh3.googleusercontent.com/d/1rSwy8_y4BtqBP1TA5uyEc_TqVhvEs-Ou=w2200	/images/1rSwy8_y4BtqBP1TA5uyEc_TqVhvEs-Ou.jpg	/images/1rSwy8_y4BtqBP1TA5uyEc_TqVhvEs-Ou.jpg			76	759
screens-74	screens		image	Undefined	US	39.7837304	-100.445882	desktop_screenshot	screens,image,screenshot	1046MrqtWOkqnibN7Ah3o_yKSr1ybloFh	https://lh3.googleusercontent.com/d/1046MrqtWOkqnibN7Ah3o_yKSr1ybloFh=w2200	/images/1046MrqtWOkqnibN7Ah3o_yKSr1ybloFh.jpg	/images/1046MrqtWOkqnibN7Ah3o_yKSr1ybloFh.jpg			77	760
screens-75	screens		image	Undefined	US	39.7837304	-100.445882	desktop_screenshot	screens,image,screenshot	1PbYcnmqehvasXQpRrvH3j1ko52Ee-Xxz	https://lh3.googleusercontent.com/d/1PbYcnmqehvasXQpRrvH3j1ko52Ee-Xxz=w2200	/images/1PbYcnmqehvasXQpRrvH3j1ko52Ee-Xxz.jpg	/images/1PbYcnmqehvasXQpRrvH3j1ko52Ee-Xxz.jpg			78	761
screens-76	screens		image	Seattle	US	47.6038321	-122.330062	desktop_screenshot	screens,image,screenshot	16n1OOOQMWcDPR0DmLcdehQlmvklMEqu_	https://lh3.googleusercontent.com/d/16n1OOOQMWcDPR0DmLcdehQlmvklMEqu_=w2200	/images/16n1OOOQMWcDPR0DmLcdehQlmvklMEqu_.jpg	/images/16n1OOOQMWcDPR0DmLcdehQlmvklMEqu_.jpg			79	762
screens-77	screens		image	Fullerton	US	33.8708215	-117.929416	desktop_screenshot	screens,image,screenshot	10jqNvSHLOKc_l01BCkgLEm_JpaWnm_Z6	https://lh3.googleusercontent.com/d/10jqNvSHLOKc_l01BCkgLEm_JpaWnm_Z6=w2200	/images/10jqNvSHLOKc_l01BCkgLEm_JpaWnm_Z6.png	/images/10jqNvSHLOKc_l01BCkgLEm_JpaWnm_Z6.png			80	763
screens-78	screens		image	Old Toronto	CA	43.6534817	-79.3839347	desktop_screenshot	screens,image,screenshot	1XVv4pZSOUrsyu0eh01D1ko7S3UMUGP1a	https://lh3.googleusercontent.com/d/1XVv4pZSOUrsyu0eh01D1ko7S3UMUGP1a=w2200	/images/1XVv4pZSOUrsyu0eh01D1ko7S3UMUGP1a.jpg	/images/1XVv4pZSOUrsyu0eh01D1ko7S3UMUGP1a.jpg			81	764
screens-79	screens		image	City of New York	US	40.7127281	-74.0060152	desktop_screenshot	screens,image,screenshot	1kZvJDT9TA6bQT_TxTGjuFIX6IKtOnKu-	https://lh3.googleusercontent.com/d/1kZvJDT9TA6bQT_TxTGjuFIX6IKtOnKu-=w2200	/images/1kZvJDT9TA6bQT_TxTGjuFIX6IKtOnKu-.jpg	/images/1kZvJDT9TA6bQT_TxTGjuFIX6IKtOnKu-.jpg			82	765
screens-80	screens		image	Portland	US	45.5202471	-122.674194	desktop_screenshot	screens,image,screenshot	1TRCu4NhJs8GhL5n0_yBq4SP4DCArFazq	https://lh3.googleusercontent.com/d/1TRCu4NhJs8GhL5n0_yBq4SP4DCArFazq=w2200	/images/1TRCu4NhJs8GhL5n0_yBq4SP4DCArFazq.jpg	/images/1TRCu4NhJs8GhL5n0_yBq4SP4DCArFazq.jpg			83	766
screens-81	screens		image	Undefined	US	43.6211955	-84.6824346	desktop_screenshot	screens,image,screenshot	1Ztjy8UZbYNeX7VmySf6BAWiUJStZ0f8-	https://lh3.googleusercontent.com/d/1Ztjy8UZbYNeX7VmySf6BAWiUJStZ0f8-=w2200	/images/1Ztjy8UZbYNeX7VmySf6BAWiUJStZ0f8-.png	/images/1Ztjy8UZbYNeX7VmySf6BAWiUJStZ0f8-.png			84	767
screens-82	screens		image	Roseville	US	38.7521235	-121.2880059	desktop_screenshot	screens,image,screenshot	1FxlCg7p6VSsjbY7C1hvPgWl_0doFFcyB	https://lh3.googleusercontent.com/d/1FxlCg7p6VSsjbY7C1hvPgWl_0doFFcyB=w2200	/images/1FxlCg7p6VSsjbY7C1hvPgWl_0doFFcyB.jpg	/images/1FxlCg7p6VSsjbY7C1hvPgWl_0doFFcyB.jpg			85	768
screens-83	screens		image	Undefined	US	39.7837304	-100.445882	desktop_screenshot	screens,image,screenshot	1vObQghAsqfku64Pk8vm3Vw81IKCozjIK	https://lh3.googleusercontent.com/d/1vObQghAsqfku64Pk8vm3Vw81IKCozjIK=w2200	/images/1vObQghAsqfku64Pk8vm3Vw81IKCozjIK.jpg	/images/1vObQghAsqfku64Pk8vm3Vw81IKCozjIK.jpg			87	769
screens-84	screens		image	Salt Lake City	US	40.7596198	-111.886797	desktop_screenshot	screens,image,screenshot	1LmY_1a0JSR9Cz4lgdoCMpyJnryCMTZaA	https://lh3.googleusercontent.com/d/1LmY_1a0JSR9Cz4lgdoCMpyJnryCMTZaA=w2200	/images/1LmY_1a0JSR9Cz4lgdoCMpyJnryCMTZaA.jpg	/images/1LmY_1a0JSR9Cz4lgdoCMpyJnryCMTZaA.jpg			88	770
screens-85	screens		image	Beacon Falls	US	41.4428745	-73.062608	desktop_screenshot	screens,image,screenshot	12HR_1bYR79fxbRy9Mcma9tfv9yPbNadD	https://lh3.googleusercontent.com/d/12HR_1bYR79fxbRy9Mcma9tfv9yPbNadD=w2200	/images/12HR_1bYR79fxbRy9Mcma9tfv9yPbNadD.jpg	/images/12HR_1bYR79fxbRy9Mcma9tfv9yPbNadD.jpg			89	771
screens-86	screens		image	Undefined	IN	17.1726928	74.58676543279755	desktop_screenshot	screens,image,screenshot	1RdqD56tFnnc1KNemNn6CdfVfLA500IFY	https://lh3.googleusercontent.com/d/1RdqD56tFnnc1KNemNn6CdfVfLA500IFY=w2200	/images/1RdqD56tFnnc1KNemNn6CdfVfLA500IFY.jpg	/images/1RdqD56tFnnc1KNemNn6CdfVfLA500IFY.jpg			90	772
screens-87	screens		image	Undefined	IN	17.1726928	74.58676543279755	desktop_screenshot	screens,image,screenshot	1ew0QlE_XFC7yt5ozuHntnLBVGUg8BipL	https://lh3.googleusercontent.com/d/1ew0QlE_XFC7yt5ozuHntnLBVGUg8BipL=w2200	/images/1ew0QlE_XFC7yt5ozuHntnLBVGUg8BipL.jpg	/images/1ew0QlE_XFC7yt5ozuHntnLBVGUg8BipL.jpg			91	773
screens-88	screens		image	Undefined	US	39.7837304	-100.445882	desktop_screenshot	screens,image,screenshot	1XwC8bRaOi5T4YMpsXmxHxR42SyAy06m5	https://lh3.googleusercontent.com/d/1XwC8bRaOi5T4YMpsXmxHxR42SyAy06m5=w2200	/images/1XwC8bRaOi5T4YMpsXmxHxR42SyAy06m5.jpg	/images/1XwC8bRaOi5T4YMpsXmxHxR42SyAy06m5.jpg			92	774
screens-89	screens		image	Hazleton	US	40.9646867	-75.9852789	desktop_screenshot	screens,image,screenshot	1wgLrkomx8eKe2LVMSGAA95W6uBzR8pes	https://lh3.googleusercontent.com/d/1wgLrkomx8eKe2LVMSGAA95W6uBzR8pes=w2200	/images/1wgLrkomx8eKe2LVMSGAA95W6uBzR8pes.jpg	/images/1wgLrkomx8eKe2LVMSGAA95W6uBzR8pes.jpg			93	775
screens-90	screens		image	Orlando	US	28.5421109	-81.3790304	desktop_screenshot	screens,image,screenshot	1a975W9hfTuAr8bGQxPnOeQifNadxADUb	https://lh3.googleusercontent.com/d/1a975W9hfTuAr8bGQxPnOeQifNadxADUb=w2200	/images/1a975W9hfTuAr8bGQxPnOeQifNadxADUb.jpg	/images/1a975W9hfTuAr8bGQxPnOeQifNadxADUb.jpg			94	776
screens-91	screens		image	Aveiro	PT	40.640496	-8.6537841	desktop_screenshot	screens,image,screenshot	1mRwTDIn5it8b-ziMc5RBXYPNgzLtsjmB	https://lh3.googleusercontent.com/d/1mRwTDIn5it8b-ziMc5RBXYPNgzLtsjmB=w2200	/images/1mRwTDIn5it8b-ziMc5RBXYPNgzLtsjmB.jpg	/images/1mRwTDIn5it8b-ziMc5RBXYPNgzLtsjmB.jpg			95	777
screens-92	screens		image	Undefined	US	39.7837304	-100.445882	desktop_screenshot	screens,image,screenshot	1yXqexfrxZvTOI988oUgsfs7MLqr5NXo8	https://lh3.googleusercontent.com/d/1yXqexfrxZvTOI988oUgsfs7MLqr5NXo8=w2200	/images/1yXqexfrxZvTOI988oUgsfs7MLqr5NXo8.png	/images/1yXqexfrxZvTOI988oUgsfs7MLqr5NXo8.png			96	778
screens-93	screens		image	Undefined	US	39.7837304	-100.445882	desktop_screenshot	screens,image,screenshot	10VXin8X5n1lELXxnUJRJ2ujN95tyAwNh	https://lh3.googleusercontent.com/d/10VXin8X5n1lELXxnUJRJ2ujN95tyAwNh=w2200	/images/10VXin8X5n1lELXxnUJRJ2ujN95tyAwNh.jpg	/images/10VXin8X5n1lELXxnUJRJ2ujN95tyAwNh.jpg			97	779
screens-94	screens		image	Undefined	US	39.7837304	-100.445882	desktop_screenshot	screens,image,screenshot	1cb0de3iyhAQTv44kiMJdU0V7WSIsKTs9	https://lh3.googleusercontent.com/d/1cb0de3iyhAQTv44kiMJdU0V7WSIsKTs9=w2200	/images/1cb0de3iyhAQTv44kiMJdU0V7WSIsKTs9.jpg	/images/1cb0de3iyhAQTv44kiMJdU0V7WSIsKTs9.jpg			98	780
screens-95	screens		image	Ahmedabad	IN	23.0216238	72.5797068	desktop_screenshot	screens,image,screenshot	19wdkxfXTzzI6sgPEGRZOH14N8Q0nyFrT	https://lh3.googleusercontent.com/d/19wdkxfXTzzI6sgPEGRZOH14N8Q0nyFrT=w2200	/images/19wdkxfXTzzI6sgPEGRZOH14N8Q0nyFrT.jpg	/images/19wdkxfXTzzI6sgPEGRZOH14N8Q0nyFrT.jpg			99	781
screens-96	screens		image	Δημοτική Ενότητα Πυλαίας	GR	40.5676065	22.9863559	desktop_screenshot	screens,image,screenshot	18BWzs2P2Y85C1pfuEBajqC5PZhJVWfct	https://lh3.googleusercontent.com/d/18BWzs2P2Y85C1pfuEBajqC5PZhJVWfct=w2200	/images/18BWzs2P2Y85C1pfuEBajqC5PZhJVWfct.jpg	/images/18BWzs2P2Y85C1pfuEBajqC5PZhJVWfct.jpg			100	782
screens-97	screens		image	Long Beach	US	33.7690164	-118.191604	desktop_screenshot	screens,image,screenshot	1Bh5H8w_WZ0o9bWngiJwqvp7LixWvBxI2	https://lh3.googleusercontent.com/d/1Bh5H8w_WZ0o9bWngiJwqvp7LixWvBxI2=w2200	/images/1Bh5H8w_WZ0o9bWngiJwqvp7LixWvBxI2.jpg	/images/1Bh5H8w_WZ0o9bWngiJwqvp7LixWvBxI2.jpg			101	783
screens-98	screens		image	District Heights	US	38.8622077	-76.8815207	desktop_screenshot	screens,image,screenshot	19cO3yiMHX6Sadu7K0tLBrnQe44aJrNHs	https://lh3.googleusercontent.com/d/19cO3yiMHX6Sadu7K0tLBrnQe44aJrNHs=w2200	/images/19cO3yiMHX6Sadu7K0tLBrnQe44aJrNHs.jpg	/images/19cO3yiMHX6Sadu7K0tLBrnQe44aJrNHs.jpg			102	784
screens-99	screens		image	Kozhikode	IN	11.2450558	75.7754716	desktop_screenshot	screens,image,screenshot	17q1w5g-NpNtT2LAPYULfyvQeNt_9hLC3	https://lh3.googleusercontent.com/d/17q1w5g-NpNtT2LAPYULfyvQeNt_9hLC3=w2200	/images/17q1w5g-NpNtT2LAPYULfyvQeNt_9hLC3.jpg	/images/17q1w5g-NpNtT2LAPYULfyvQeNt_9hLC3.jpg			103	785
screens-100	screens		image	City of New York	US	40.7127281	-74.0060152	desktop_screenshot	screens,image,screenshot	1_R0afcqeLfmNfyeawBdGQ9Xclosiq5Bp	https://lh3.googleusercontent.com/d/1_R0afcqeLfmNfyeawBdGQ9Xclosiq5Bp=w2200	/images/1_R0afcqeLfmNfyeawBdGQ9Xclosiq5Bp.jpg	/images/1_R0afcqeLfmNfyeawBdGQ9Xclosiq5Bp.jpg			104	786
screens-101	screens		image	Wilmington	US	39.7459468	-75.546589	desktop_screenshot	screens,image,screenshot	1m3__5cUzwvkkYsP1hjlx29Hil3b1XudL	https://lh3.googleusercontent.com/d/1m3__5cUzwvkkYsP1hjlx29Hil3b1XudL=w2200	/images/1m3__5cUzwvkkYsP1hjlx29Hil3b1XudL.jpg	/images/1m3__5cUzwvkkYsP1hjlx29Hil3b1XudL.jpg			105	787
screens-102	screens		image	Wilmington	US	39.7459468	-75.546589	desktop_screenshot	screens,image,screenshot	1If42HGWYHuKO5Q5ZPVj2qo06NC4g589T	https://lh3.googleusercontent.com/d/1If42HGWYHuKO5Q5ZPVj2qo06NC4g589T=w2200	/images/1If42HGWYHuKO5Q5ZPVj2qo06NC4g589T.jpg	/images/1If42HGWYHuKO5Q5ZPVj2qo06NC4g589T.jpg			106	788
screens-103	screens		image	Undefined	GB	56.7861112	-4.1140518	desktop_screenshot	screens,image,screenshot	1nchnqM12WAi5W9ymiSY8sMLUkC35pE_N	https://lh3.googleusercontent.com/d/1nchnqM12WAi5W9ymiSY8sMLUkC35pE_N=w2200	/images/1nchnqM12WAi5W9ymiSY8sMLUkC35pE_N.jpg	/images/1nchnqM12WAi5W9ymiSY8sMLUkC35pE_N.jpg			107	789
screens-104	screens		image	Undefined	GB	56.7861112	-4.1140518	desktop_screenshot	screens,image,screenshot	1BpO8KBNEU0bw8obq266neTfJRRfrFahN	https://lh3.googleusercontent.com/d/1BpO8KBNEU0bw8obq266neTfJRRfrFahN=w2200	/images/1BpO8KBNEU0bw8obq266neTfJRRfrFahN.jpg	/images/1BpO8KBNEU0bw8obq266neTfJRRfrFahN.jpg			108	790
screens-105	screens		image	Gurnee	US	42.3702996	-87.9020186	desktop_screenshot	screens,image,screenshot	1E_m7QseptXsFXKCMdHwy51TeodunbYpH	https://lh3.googleusercontent.com/d/1E_m7QseptXsFXKCMdHwy51TeodunbYpH=w2200	/images/1E_m7QseptXsFXKCMdHwy51TeodunbYpH.jpg	/images/1E_m7QseptXsFXKCMdHwy51TeodunbYpH.jpg			109	791
screens-106	screens		image	Longmont	US	40.1672117	-105.101928	desktop_screenshot	screens,image,screenshot	1nMILHLjjdz_pZWDAFpoyQ6EXOEsvAEM6	https://lh3.googleusercontent.com/d/1nMILHLjjdz_pZWDAFpoyQ6EXOEsvAEM6=w2200	/images/1nMILHLjjdz_pZWDAFpoyQ6EXOEsvAEM6.png	/images/1nMILHLjjdz_pZWDAFpoyQ6EXOEsvAEM6.png			110	792
screens-107	screens		image	Undefined	GB	54.666667	-1.75	desktop_screenshot	screens,image,screenshot	1kAfcmoPErO5Tu36NOjeLFZBaJukiwfaW	https://lh3.googleusercontent.com/d/1kAfcmoPErO5Tu36NOjeLFZBaJukiwfaW=w2200	/images/1kAfcmoPErO5Tu36NOjeLFZBaJukiwfaW.jpg	/images/1kAfcmoPErO5Tu36NOjeLFZBaJukiwfaW.jpg			111	793
screens-108	screens		image	Bennettsville	US	34.6173803	-79.6847814	desktop_screenshot	screens,image,screenshot	1z0RAnxtYiX0lBSj2f3KwflSg3dm9_01D	https://lh3.googleusercontent.com/d/1z0RAnxtYiX0lBSj2f3KwflSg3dm9_01D=w2200	/images/1z0RAnxtYiX0lBSj2f3KwflSg3dm9_01D.jpg	/images/1z0RAnxtYiX0lBSj2f3KwflSg3dm9_01D.jpg			112	794
screens-109	screens		image	Bennettsville	US	34.6173803	-79.6847814	desktop_screenshot	screens,image,screenshot	1u3aOhp_I3s7O_nY-do7S8tXfcvVvpq8H	https://lh3.googleusercontent.com/d/1u3aOhp_I3s7O_nY-do7S8tXfcvVvpq8H=w2200	/images/1u3aOhp_I3s7O_nY-do7S8tXfcvVvpq8H.jpg	/images/1u3aOhp_I3s7O_nY-do7S8tXfcvVvpq8H.jpg			113	795
opinions-1	opinions		text	Palm Springs	US	33.772179449999996	-116.49529769683983	worker_opinion	opinions,text,worker					I like the work - its relatively easy to do and I can do it on my time. My main issue is having the work available when I have time to do some of it. There are times where there are few HITs to do and its frustrating and a little angering to be honest.	4	2	796
opinions-2	opinions		text	Lima	US	40.741735	-84.1156539566922	worker_opinion	opinions,text,worker					"I really liked AMT years ago when I first started working for them. However, over the last year or so, this platform has really gone downhill. The hits are not worth my time. Sometimes they only pay a penny or so for work that is over five minutes long! Also, the rejecters seem to randomly reject work. I recently spent about 8 minutes explaining my response to a chatbot conversation, only to get rejected. I have no idea what they wanted. I have a master's, so I can get some good hits. However, these unfair rejections are really starting to add up, and I am worried I will lose my master's status once my rejection rate goes below 99%. What really hurt my rate was a ""mass rejection"" of 10 hits. It turns out that there was a glitch (I read it on MTURKOPTICON), but they would not reverse the rejections. That was so unfair when it was their fault."	2	3	797
opinions-3	opinions		text	Murray	US	36.6103334	-88.314761	worker_opinion	opinions,text,worker					I like that I'm able work from home and not have to interact with other people, which helps since I have severe social anxiety. I dislike that the pay is very low. I also dislike that there aren't as many jobs/tasks being posted now as there were a few years ago, which makes it even more difficult to do it for income. The income is also not consistent, so you never really know how much you'll make in a given day or week.	2	4	798
opinions-4	opinions		text	Knoxville	US	35.9603948	-83.9210261	worker_opinion	opinions,text,worker					I like that there is a place like this to be able to earn some extra money. I have been on here for almost 15 years and I would imagine that I will always use the service. So I like all of that. I wish there were more hits I qualify for sometimes, and that there was a better way to qualify for things. I am not sure how what else to say.	4	5	799
opinions-5	opinions		text	Lawrence	US	38.9719137	-95.2359403	worker_opinion	opinions,text,worker					I value that i get insight into a hige huge variety of important studies and therein I learn some new things. Also, the extra money helps me a lot so overall I'll be positive about M-Turk. It's helped me a LOT over quite a few years by now.	5	6	800
opinions-6	opinions		text	Salem	US	44.9391565	-123.033121	worker_opinion	opinions,text,worker					I am very happy to work with Amazon Mechanical Turk. I like to do hits lots. AMT is full fill my earnings is good. Amazon Mechanical Turk give lot of hits in future. now number of hits are very low quantiry	5	7	801
opinions-7	opinions		text	Madurai	IN	9.9261153	78.1140983	worker_opinion	opinions,text,worker					I once tried making some extra spending cash for my christmas shopping on Amazon and religiously visited the site multiple times a day, grabbing whatever I could and at the end of 3+ months, all I was able to amount to was ~$150. Not a good use of my time, if you ask me. I have better things to do in the time I invested in this thing.	5	8	802
opinions-8	opinions		text	Shelby	US	35.2923513	-81.5356463	worker_opinion	opinions,text,worker					It has gotten slow over the past three years. Not as many jobs. it use to have a lot more. I could make 300 a week then but now it is much less than that. I also think the AI devolplment is about done.	4	9	803
opinions-9	opinions		text	Pittsfield	US	43.306193	-71.324615	worker_opinion	opinions,text,worker					Lacks any ability to truly hold requesters accountable. For the pay they offer, to unreasonable rejections. Amazon plays no role in defending the worker and leaves it up to us to just deal with it. Can try sending messages to requesters but often ignored. That includes wasting an hour on work to have it crash due to the requesters faulty software.	2	10	804
opinions-10	opinions		text	Gretna	US	29.9146493	-90.0539604	worker_opinion	opinions,text,worker					I like it well enough to have been doing it for more than 15 years, but it does have some real annoyances. I don't like that bots are allowed to scrape HITs. I don't like that there is no real repercussion when requesters have design flaws that waste worker time (like surveys with no confirmation code--this happens a LOT). I also get annoyed that there is sometimes not enough work to do. Overall, though, I find it a convenient way to supplement my income at times that work for me.	4	11	805
opinions-11	opinions		text	Undefined	US	43.4911326	-74.9481252	worker_opinion	opinions,text,worker					despite some drawbacks; finding out about m-turk is one of the best things that has happened to me. when i had a job,m-turk earnings were an excellent source of secondary income. now that i am retired, m-turk income, combined with my social security and pension provide me with a relatively comfortable living although i am far from wealthy. i can do m-turk hits whenever i want; i don't have to worry about my wardrobe; no one is telling me what to do or how to do it. i like that my approval rating is 99.89 because that tells me i'm doing almost all hits the way they are supposed to be done. i don't like however, that too many requesters don't seem to know the best ways to produce hits. for example, too many requesters do not allow enough time. these requesters apparently don't know that once time has expired, it can not be extended. the rates of pay some requesters offer are absurd. for example, 10 cents for a 10 minute hit. that is far from acceptable. when the time that a hit is supposed to take is not even listed. for example, i might be willing to do a 25 cent hit but i need to know how long the hit will take.	4	12	806
opinions-12	opinions		text	Saint Paul	US	44.9497487	-93.0931028	worker_opinion	opinions,text,worker					It's an easy way to earn small amounts of money. I've been doing it for about 13 years, and it helped me pay off my mortgage. On the downside, though, the work can be difficult to find and some of the HITs are tedious. Amazon doesn't support Turkers at all and so we're pretty much at the mercy of anyone who wants to scam us, steal our work and not pay us. The work is so variable - definitely feast or famine - and I'm glad I don't rely on it for anything important anymore.	3	13	807
opinions-13	opinions		text	Undefined	IN	10.9301522	78.08485454572889	worker_opinion	opinions,text,worker					it is very good platform, it is very helpful to change my life, now a days hits are very low, my finiancial problem critical, please give some more works.amt is very nice and honesty earning	1	14	808
opinions-14	opinions		text	Undefined	US	40.2414952	-75.2837862	worker_opinion	opinions,text,worker					I like the opportunity to earn money from completing HITs on Amazon Mechanical Turk. I particularly like the academic surveys. I dislike the HITs with very low payments. I dislike when there are a large number of HITs from the same requestor instead of listing all of these HITs under a single post.	4	15	809
opinions-15	opinions		text	Undefined	CA	53.5193105	-114.1385071	worker_opinion	opinions,text,worker					I like the platform when things are working and the work is paid. Unfortunately, there are some hits that reject hits for no reason and we have no way to dispute the issue. I understand there are millions of hits yearly but if a requestor is being deceitful or has a really low acceptance rate there needs to be an investigation and workers should be made whole.	3	16	810
opinions-16	opinions		text	Denver	US	39.7392364	-104.984862	worker_opinion	opinions,text,worker					On one hand, mturk changed my life. I have C-PTSD and find public places too noisy and stressful. I was on the verge of becoming completely homeless but went back to working on here (I previously worked a lot on here when in college but then took a break). It now gives me a chance to earn enough money to survive. On the other hand, it's a terrible way to make a living. It's not stable and can be stressful. I have found that working on other platforms and bouncing back and forth between them helps so there isn't as much down time waiting for work.	3	17	811
opinions-17	opinions		text	Tucson	US	32.2228765	-110.974847	worker_opinion	opinions,text,worker					I love this platform. It gives me the opportunity to make a little bit of money whenever I have time. I feel I have input in social issues when filling out surveys.	5	18	812
opinions-18	opinions		text	Undefined	GB	54.7023545	-3.2765753	worker_opinion	opinions,text,worker					This is a good platform to earn and learn different techs, gigs, business and more... I have not experience such vast knowledge in short time	4	19	813
opinions-19	opinions		text	Radcliff	US	37.8710241	-85.9613468	worker_opinion	opinions,text,worker					I start work for last 25days iam working for this site. its good platform for college student earning this site.	5	20	814
opinions-20	opinions		text	Boligee	US	32.7559654	-88.0289072	worker_opinion	opinions,text,worker					Honestly , it is an awesome place to work for a freelancer . There are many workplaces for a freelancer but amazon mechanical turk is the best place. I like the display of the site . Also , there are many options for work too	5	21	815
opinions-21	opinions		text	Springfield	US	39.7990175	-89.6439575	worker_opinion	opinions,text,worker					My feelings are inspired and sympathetic to help requesters with there daily lives as well as earn money. This is a win-win situation for workers.	5	22	816
opinions-22	opinions		text	Undefined	US	39.7837304	-100.445882	worker_opinion	opinions,text,worker					Honest feelings are authentic expressions of one's true emotions, devoid of pretense or fabrication. They stem from the depths of one's being, reflecting sincerity, transparency, and genuine connection with oneself and others.	5	23	817
opinions-23	opinions		text	Undefined	CA	49.1344098	-105.013041	worker_opinion	opinions,text,worker					Its a ver excellent platform i never used before. this platform gives to validate so much of participant opinion about verious human intelligent tasks, like surveys and data annotations and receipt entry and audio transcriptions. Awesome way to get more earnings	5	24	818
opinions-24	opinions		text	Melvindale	US	42.2825383	-83.175203	worker_opinion	opinions,text,worker					I am interested in working at amt.genova.it because it is a leading organization in the maritime industry and I believe that I can contribute to its success. I have the necessary skills and qualifications for the job, and I am eager to use my skills to contribute to the organization's success. it is a great company with a lot of opportunity for growth and development. Good luck with	5	25	819
opinions-25	opinions		text	Undefined	US	39.7837304	-100.445882	worker_opinion	opinions,text,worker					can be a great source of extra income for those with full-time or part-time jobs.Here's what I learnt from my experience as an MTurk worker: 1. MTurk workers do not earn much money and the site made it impossible to figure	1	26	820
opinions-26	opinions		text	Coonoor	IN	11.344238	76.8016516	worker_opinion	opinions,text,worker					Amazon Mechanical Turk is a great platform for me. Presently, I maintain 97.84% and 45,632 approved hits. So when I work consistently, I can earn 10$ per day for 8 hours. But nowadays I don't get more hits. I don't know the reason. Anyhow I am happy while working in this platform. Thank you MTURK..	5	27	821
opinions-27	opinions		text	Kollam	IN	8.8879509	76.5955013	worker_opinion	opinions,text,worker					I very much like this platform...actually i working here for the last 14+ years...i will get pocket money from this platform. Only one disappointment is the revenue from this platform decreasing every year...hope more works will come to this platform	5	28	822
opinions-28	opinions		text	Undefined	KY	19.703182249999998	-79.9174627243246	worker_opinion	opinions,text,worker					Amazon Mechanical Turk platform can be a valuable tool for businesses looking to outsource small tasks, but it's important to offer fair pay and clear instructions to attract quality workers.	5	29	823
opinions-29	opinions		text	Dallas	US	32.7762719	-96.7968559	worker_opinion	opinions,text,worker					Yes I generally love Amazon Mechanical Turk platform due to the fact that it has enabled me get earn extra income; something that I initially lacked. I am also more engaged with no time to idle and have negative thoughts. But I also have my own misgivings about the platform. Some requesters pay so little yet demand so much. Additionally, there are times when there are little to no work on the platform.	4	30	824
opinions-30	opinions		text	London	GB	51.4893335	-0.14405508452768728	worker_opinion	opinions,text,worker					I'm a very shy and introverted guy, this job helps me a lot. I have the possibility to choose the task that I am able to perform in order to create difficulties for myself. I thank those who put me in this job. free hours	3	31	825
opinions-31	opinions		text	Sant Cugat del Vallès	ES	41.4728432	2.0817809	worker_opinion	opinions,text,worker					I am happy with Amazon Mechanical Turk as I can choose the tasks and also when to work, but I would like to have more quality tasks and also more stable tasks, so you can pick tasks to do periodically.	4	32	826
opinions-32	opinions		text	Hercules	US	38.0171441	-122.2885808	worker_opinion	opinions,text,worker					I am very satisfied and happy with Amazon Mechanical Turk .I am very happy to be a part of Amazon Mechanical Turk and earn a good amount of money from here. I also learn a lot of things from this platform. This is a very helpful platform for earning and learning .	5	33	827
opinions-33	opinions		text	Undefined	US	36.7014631	-118.755997	worker_opinion	opinions,text,worker					Yes I like it. I can get extra money from AMT. However, I wish to know more about the qualifications I cannot afford. Today I can only access to few hits but there are so much more I would like to do.	4	34	828
opinions-34	opinions		text	Green Bay	US	44.5126379	-88.0125794	worker_opinion	opinions,text,worker					I can do it on my own time. I don't have a boss, I can do it from home. The pay is low, and there's some just BS stuff that you have to wade through(like some surveys that pay virtually nothing for half an hour). I mean, I'd be better off doing part-time work at a real job, but its still money.	3	35	829
opinions-35	opinions		text	Raleigh	US	35.7803977	-78.6390989	worker_opinion	opinions,text,worker					I am interested in working at amt.genova.it because it is a leading organization in the maritime industry and I believe that I can contribute to its success. I have the necessary skills and qualifications for the job, and I am eager to use my skills to contribute to the organization's success. it is a great company with a lot of opportunity for growth and development. Good luck with	4	36	830
opinions-36	opinions		text	Daytona Beach	US	29.2108147	-81.0228331	worker_opinion	opinions,text,worker					To be quite honest, I think that working on the Amazon Mechanical Turk Platform is a great way to relieve stress and improve my finances. The AMT work questionnaires regarding gaming and family matters are my favorites. To be honest, I think AMT's work is fine. My daily life is nice, but in one terrible circumstance, I am completely destroyed. Amazon Mechanical Turk was incredibly useful at the time. I have always enjoyed and cherished AMT work. I consider my work as an AMT to be really unique.	5	37	831
opinions-37	opinions		text	Modesto	US	37.6390972	-120.996878	worker_opinion	opinions,text,worker					AMT platform is very good platform. Its very secure. AMT is very quality workers because our goal is very high ,every one interest to work the AMT and AMT is the give the quality job offers. yes, I would like the AMT. I interest to work the AMT because its very good and secure.	5	38	832
opinions-38	opinions		text	Groveton	US	31.0549071	-95.1257691	worker_opinion	opinions,text,worker					I like working on the Amazon Mechanical Turk Platform. It's a good way to earn some extra funds, though I do wish there were more higher paying surveys I could sign up for. The qualification process seems very random and there is no explanation or way to increase your qualifications short of requesting qualifications.	4	39	833
opinions-39	opinions		text	Undefined	US	39.7837304	-100.445882	worker_opinion	opinions,text,worker					Yes, Amazon Mturk has started accepting non-US applicants sometime back in mid-2016. Although getting accepted as a worker totally depends on ...	1	40	834
opinions-40	opinions		text	Undefined	US	36.7014631	-118.755997	worker_opinion	opinions,text,worker					Amazon Mechanical Turk HIT jobs can be a great source of extra income for those with full-time or part-time jobs.	3	41	835
opinions-41	opinions		text	Lexington	US	38.0464066	-84.4970393	worker_opinion	opinions,text,worker					I find it to be a fascinating way to earn extra money. Admittedly, I'm still try to learn the best way to navigate and become qualified for tasks. There is a learning curve to using this platform and it's not always user friendly, but I do believe it's worth it.	4	42	836
opinions-42	opinions		text	Undefined	US	39.7837304	-100.445882	worker_opinion	opinions,text,worker					Honest feelings are authentic expressions of one's true emotions, devoid of pretense or fabrication. They stem from the depths of one's being, reflecting sincerity, transparency, and genuine connection with oneself and others.	5	43	837
opinions-43	opinions		text	Bristol	GB	51.4538022	-2.5972985	worker_opinion	opinions,text,worker					It's easy to navigate but low response in qualification request. Would continue to work on hear but look forward to better support in qualifications and areas outside US.	3	44	838
opinions-44	opinions		text	Undefined	IN	10.91564885	79.80694879844232	worker_opinion	opinions,text,worker					I have been doing hits in AMT for the past ten years. Its looks good and easy to work in this platform. And now we need more hits to work. Nowadays there is very much less hits in this AMT. So kindly we request your team to have more hits.	5	45	839
opinions-45	opinions		text	Undefined	DE	51.1638175	10.4478313	worker_opinion	opinions,text,worker					I LOVE TO WORK WITH AMAZON MECHANICAL TRUNK WHICH MAKES ME COMFORTABLE TO WORK WITHIT. I CAN EARN MORE.	5	46	840
opinions-46	opinions		text	Frankfurt am Main	DE	50.1106444	8.6820917	worker_opinion	opinions,text,worker					Many of the task require several steps to complete for little money. For example one hit ask several questions about a business and requires you to do a lot of research through several documents and websites to answer the questions and only pays .01 per hit which isn't worth the time involved to complete it.	3	47	841
opinions-47	opinions		text	Undefined	US	36.7014631	-118.755997	worker_opinion	opinions,text,worker					Amazon Mechanical Turk HIT jobs can be a great source of extra income for those with full-time or part-time job	5	48	842
opinions-48	opinions		text	Peachtree City	US	33.3975472	-84.5898256	worker_opinion	opinions,text,worker					I like the Amazon Mechanical Turk platform, for the most part anyway. There are a lot of tasks available, but most I don't qualify for for various reasons. However, the ones I do qualify for are generally pretty simple. I do wish some of them paid a little more. I work on AMT to earn a little extra money.	3	49	843
opinions-49	opinions		text	Shafter	US	35.501461	-119.273682	worker_opinion	opinions,text,worker					AMT is a very good platform, because its makes the job oppourtunities for everyone. The good point of AMT is its makes our general skills,knowledge. I would like more AMT. I intrested to work the AMT becauseits very seure and neetful its tread respectively ,so i would like to worlk the AMT	5	50	844
opinions-50	opinions		text	Undefined	US	39.7837304	-100.445882	worker_opinion	opinions,text,worker					Amazon Mechanical Turk (MTurk) is a marketplace for completion of virtual tasks that requires human intelligence. The Mechanical Turk service gives businesses access to a diverse, on-demand, scalable workforce and gives Workers a selection of thousands of tasks to complete whenever it's convenient.	3	51	845
opinions-51	opinions		text	Undefined	US	43.6447642	-114.015407	worker_opinion	opinions,text,worker					I love working on AMT. This is my best job and I can learn new things. I learn a new poison with each survey. I get my employment income and confidence in it.	5	52	846
opinions-52	opinions		text	Undefined	NA	-17.509268849999998	24.275896638027227	worker_opinion	opinions,text,worker					At first when I signed for mechanical turk I didn't know what to expect and it took me a while to really know how it works and I've been happy with my experience now that i know how it works, I most work on copy and paste tasks and product review surveys.	4	53	847
opinions-53	opinions		text	Johnson City	US	36.3134398	-82.3534728	worker_opinion	opinions,text,worker					Working on the Amazon Mechanical Turk Platform has been both financially beneficial and stress-relieving for me. I like the AMT work survey on gaming and the family-related polls. To be honest, I enjoy AMT's work. My daily life is going OK, but one awful circumstance has completely devastated me. Amazon Mechanical Turk was really useful at the time. I've always like and valued AMT work. I believe that AMT job is unique in my life.	5	54	848
opinions-54	opinions		text	Undefined	US	36.7014631	-118.755997	worker_opinion	opinions,text,worker					This used to be a more reliable platform, but Amazon's mturk team is dedicated to making things worse for both the worker and the requester. There's not much of a reward for diligence, and you can randomly be punished with no form of adequate recourse	5	55	849
opinions-55	opinions		text	Dallas	US	32.7762719	-96.7968559	worker_opinion	opinions,text,worker					AMAZON MECHANICAL TURK PLATFORM WORK IS GOOD ITS A PART TIME JOB AND EARINGS ALSO GOOD .SO LIKE THIS JOB AND IMPROVE MY KNOWLEDGE ALSO	5	56	850
opinions-56	opinions		text	Midwest	US	43.411391	-106.280075	worker_opinion	opinions,text,worker					As per my opinion Amazon Mechanical Turk platform is the best earning platform all over the world. In this platform various type of segment available to work and work rewards also very justified and on time.	5	57	851
opinions-57	opinions		text	Undefined	US	39.7837304	-100.445882	worker_opinion	opinions,text,worker					Honest feelings are authentic expressions of one's true emotions, devoid of pretense or fabrication. They stem from the depths of one's being, reflecting sincerity, transparency, and genuine connection with oneself and others.	5	58	852
opinions-58	opinions		text	Fort Wayne	US	41.0799898	-85.1386015	worker_opinion	opinions,text,worker					AMAZON MECHANICAL TURK PLATFORM IS GOOD FOR ALL TYPE PEOPLES BECAUSE EASY TO UNDERSTAND AND EARINGS MUCH BETTER FOR OTHER PLATFORM WORKS	5	59	853
opinions-59	opinions		text	Ashburn	US	39.0437192	-77.4874899	worker_opinion	opinions,text,worker					"Mturk is no longer what it should be! It would be desirable, to stop this mess and horrible discrimination, called ""master qualification"", and to give equal chances to all mturk workers to participate in mturk studies! It is a shame that while we brag about democracy, we still use such discriminatory practices! Do you think that a ""master"" is smarter or more intelligent than a ""non-master""?"	1	60	854
opinions-60	opinions		text	Millington	US	35.3414745	-89.8973084	worker_opinion	opinions,text,worker					I like the work on AMT it is usually very fun. When I first started there were a lot more HITS and chances of making money. Now there are very little HITS and the money is the PITS. This used to be a nice place to make some extra money each week from the comfort of your home.	3	61	855
opinions-61	opinions		text	Undefined	US	31.2638905	-98.5456116	worker_opinion	opinions,text,worker					Earning money through the MTurk web site is as easy as searching for HITs on the site, accepting those HITs, completing them, and collecting the reward once the HIT is approved by the Requester.	5	62	856
opinions-62	opinions		text	Readfield	US	44.3878453	-69.9667188	worker_opinion	opinions,text,worker					I have been doing mturk for 11 years now and although it started out with making a few dollars I am glad that I stuck with it. I am now a master with over 300,000 hits done and I sit with a pretty 99.8 approval rating	5	63	857
opinions-63	opinions		text	Madurai	IN	9.9261153	78.1140983	worker_opinion	opinions,text,worker					AT FIRST I WORK ON AMAZON MTURK FOR MONEY .BUT LATER I LIKE IT VERY MUCH TO WORK IN IT .WHENEVER I WORK ON MTURK I LEARNED SOMETHING NEW.	5	64	858
opinions-64	opinions		text	Undefined	US	39.7837304	-100.445882	worker_opinion	opinions,text,worker					Amazon Mechanical Turk (MTurk) is a marketplace for completion of virtual tasks that requires human intelligence. The Mechanical Turk service gives businesses access to a diverse, on-demand, scalable workforce and gives Workers a selection of thousands of tasks to complete whenever it's convenient.	4	65	859
opinions-65	opinions		text	Undefined	US	39.7837304	-100.445882	worker_opinion	opinions,text,worker					My experience as an MTurk worker was intense, full of surprises, not all of which were pleasant. Here’s what I learnt from my experience as an MTurk worker:	5	66	860
opinions-66	opinions		text	Carlinville	US	39.2797699	-89.8817662	worker_opinion	opinions,text,worker					Yes I love to participate in research studies and the tasks available on MTurk. However I am hoping for the day I get to work on the more specialized tasks when I am approved for it.	5	67	861
opinions-67	opinions		text	Undefined	AL	41.000028	19.9999619	worker_opinion	opinions,text,worker					I am interested in working at amt.genova.it because it is a leading organization in the maritime industry and I believe that I can contribute to its success. I have the necessary skills and qualifications for the job, and I am eager to use my skills to contribute to the organization's success. it is a great company with a lot of opportunity for growth and development. Good luck with	5	68	862
opinions-68	opinions		text	Eugene	US	44.0505054	-123.0950506	worker_opinion	opinions,text,worker					There are some significant issues with AMT. On the survey side, HITs with equitable rewards are few. When it comes to the platform itself, there are multiple design issues.	3	69	863
opinions-69	opinions		text	Thrissur	IN	10.5270099	76.214621	worker_opinion	opinions,text,worker					I like Amazon mturk. Because it has flexible work time. I have resigned from my current job and studying programming for a career switch. So mturk gives me an extra income while I am studying. What I didnot like is it has only few tasks available for me. I barely get about 30$ per month which is not enough for me.	4	70	864
opinions-70	opinions		text	Coimbatore	IN	11.0018115	76.9628425	worker_opinion	opinions,text,worker					During lockdown ,i was in home without my job, that time mturk support me lots in earning, from pas 10 years i am doing this mturk job,it was very genuine and good in paying. In my life Mturk having a major part in earning. I am gratitude for that.	5	71	865
opinions-71	opinions		text	Concord	US	43.207178	-71.537476	worker_opinion	opinions,text,worker					This is easily make earning If I need something amazon I can easily buy that from gift card and I can sit for work anytime so I like it and I can easily do two jobs so I love it. and now a days get slow works so I get sad. Please solve this issue.	4	72	866
opinions-72	opinions		text	Odenville	US	33.6773237	-86.3966481	worker_opinion	opinions,text,worker					It's a Good and useful Platform.I'm Very Happy About Amazon Mechanical Turk platform and I love to work in it.	5	73	867
opinions-73	opinions		text	Undefined	US	39.7837304	-100.445882	worker_opinion	opinions,text,worker					Amazon Mechanical Turk (MTurk) is a marketplace for completion of virtual tasks that requires human intelligence. The Mechanical Turk service gives businesses access to a diverse, on-demand, scalable workforce and gives Workers a selection of thousands of tasks to complete whenever it's convenient.Overall, Amazon Mechanical Turk can be a cost-effective and efficient way to outsource data entry tasks, but it also comes with some limitations related to quality control, security, and control over the workers completing the tasks.	5	74	868
opinions-74	opinions		text	Roseville	US	38.7521235	-121.2880059	worker_opinion	opinions,text,worker					Many of the linkes are broken and it makes it frustrating to find work when you are new and not qualified for many jobs.	3	75	869
opinions-75	opinions		text	Erode	IN	11.3306483	77.7276519	worker_opinion	opinions,text,worker					I am very happy about mturk because i am earning some decent income which will take care of my additional expenses. Sometimes, i might get huge amount survey. I am working in mturk for the past 12 years and felt very happy on it	5	76	870
opinions-76	opinions		text	Undefined	US	31.2638905	-98.5456116	worker_opinion	opinions,text,worker					I am interested in working at amt.genova.it because it is a leading organization in the maritime industry and I believe that I can contribute to its success. I have the necessary skills and qualifications for the job, and I am eager to use my skills to contribute to the organization's success. it is a great company with a lot of opportunity for growth and development. Good luck with	5	77	871
opinions-77	opinions		text	Roma	IT	41.8933203	12.4829321	worker_opinion	opinions,text,worker					I really like the Amazon Mechanical Turk platform because through some pleasant, pleasant and interesting tasks, in addition to earning something it allows you to learn new things and learn new topics that perhaps you would know nothing about. I discovered the platform by chance, browsing the internet and it was a pleasant discovery.	5	78	872
opinions-78	opinions		text	Fuquay-Varina	US	35.5843849	-78.7998691	worker_opinion	opinions,text,worker					I like Amazon Mechanical Turk because it provides me a way to make an additional income. I don't like that in order to make a reasonable amount of money that I have to login during the day sporadically to check for new HITs. It would be nice if I could work on those HITs later at night. The work is hit and miss sometimes and not very reliable.	4	79	873
opinions-79	opinions		text	Guwahati	IN	26.1805978	91.753943	worker_opinion	opinions,text,worker					I really enjoy working on AMT. It gives me an extra source of income and I can work anytime from anywhere.	5	80	874
opinions-80	opinions		text	Washington	US	38.8950368	-77.0365427	worker_opinion	opinions,text,worker					my feelings are mixed. it nice in that I can work on it my time, a simple way to make a bit small earnings, and relatively easy to use. the other, the MTURK and surveys has multiple flaws, sometimes the time/payouts are not fair. and the overall experience is getting worse from a couple of years ago.	2	81	875
opinions-81	opinions		text	Columbia	US	34.0003117	-81.0331309	worker_opinion	opinions,text,worker					I love it. I like to do surveys and this site offers the most diverse selection of surveys on so many different subjects. They make it so easy to return a survey if you determine it is not for you. I like the way they keep track of your earnings and how many surveys you have completed.	5	82	876
opinions-82	opinions		text	Nellore	IN	14.4493717	79.9873763	worker_opinion	opinions,text,worker					Amazon Mechanical Turk platform is genuine, Flexibility, Income Potential, Task Quality, Fairness and Transparency, Communication and Support, Longevity and Stability	5	83	877
opinions-83	opinions		text	Undefined	US	39.7837304	-100.445882	worker_opinion	opinions,text,worker					Good opportunity for this work. I have great experience of this amazon mechanical turk platform.Amazon Mechanical Turk usefull to us .	1	84	878
opinions-84	opinions		text	Miami	US	25.7741728	-80.19362	worker_opinion	opinions,text,worker					Working on the Amazon Mechanical Turk Platform has been extremely beneficial to my financial well-being and stress relief. I like the AMT job survey on gaming and family-related questionnaires. To be honest, I do not dislike AMT's work. My everyday life is excellent, but in one unpleasant event, I am completely broken. Amazon Mechanical Turk was very useful at the time. I have always enjoyed and appreciated AMT work. AMT work holds a particular place in my heart.	5	85	879
opinions-85	opinions		text	Kolkata	IN	22.5726459	88.3638953	worker_opinion	opinions,text,worker					I love working at Mturk..because new surveys come here. I can learn many things from those survey.. It gives opportunity to do something good .	5	86	880
opinions-86	opinions		text	Columbus	US	39.9622601	-83.0007065	worker_opinion	opinions,text,worker					I enjoy working on this platform. I only work in my spare time, I do not depend on income from this site to pay bills. I use it as a time killer that, as a bonus, pays me cash	4	87	881
opinions-87	opinions		text	City of New York	US	40.7127281	-74.0060152	worker_opinion	opinions,text,worker					I like it, though wish the hits i'm qualified for don't disappear so fast. Its frustrating to click on a hit for it to immediately not be available.	4	88	882
opinions-88	opinions		text	Tallahassee	US	30.4380832	-84.2809332	worker_opinion	opinions,text,worker					As per my opinion Amazon Mechanical Turk platform is the best earning platform all over the world. In this platform various type of segment available to work and work rewards also very justified and on time.	4	89	883
opinions-89	opinions		text	Undefined	GB	52.3106138	-0.8659129831915817	worker_opinion	opinions,text,worker					Amazon Mechanical Turk allows businesses to outsource data entry tasks at a lower cost than hiring full-time employees	5	90	884
opinions-90	opinions		text	Kansas City	US	39.100105	-94.5781416	worker_opinion	opinions,text,worker					I think it's fun, and have been doing it since 2016. It doesn't pay very well, but it pays for all the books I need for my Kindle (and then some). I can do it whenever I want, and decide which jobs I want to accept. Some are very interesting, while others can actually be quite lucrative. Working from the comfort of my own home gives me the maximum flexibility.	4	91	885
opinions-91	opinions		text	Undefined	US	36.7014631	-118.755997	worker_opinion	opinions,text,worker					Amazon Mechanical Turk (MTurk) is a marketplace for completion of virtual tasks that requires human intelligence	4	92	886
opinions-92	opinions		text	Chennai	IN	13.0836939	80.270186	worker_opinion	opinions,text,worker					In Amazon Mechanical Turk, financially, it has helped me. Various types of work, especially surveys, have been beneficial in understanding myself. It has been a really good experience for self-analysis, and it is a very genuine platform in terms of payment. So really like it very much.	5	93	887
opinions-93	opinions		text	Seattle	US	47.6038321	-122.330062	worker_opinion	opinions,text,worker					So far I like it, it can be confusing at times & it's not easy to find answers but it's been fine so far.	4	94	888
opinions-94	opinions		text	Undefined	US	36.7014631	-118.755997	worker_opinion	opinions,text,worker					AMTs inspect, service, maintain, troubleshoot and repair aircraft engines, auxiliary power units, propellers, rotor systems, power train systems, and associated airframe and systems-specific electrical components.	3	95	889
opinions-95	opinions		text	Undefined	GB	56.7861112	-4.1140518	worker_opinion	opinions,text,worker					Amazon Mechanical Turk allows businesses to outsource data entry tasks at a lower cost than hiring full-time employees	5	96	890
opinions-96	opinions		text	Undefined	US	36.7014631	-118.755997	worker_opinion	opinions,text,worker					AMTs inspect, service, maintain, troubleshoot and repair aircraft engines, auxiliary power units, propellers, rotor systems, power train systems, and associated airframe and systems-specific electrical components.	4	97	891
opinions-97	opinions		text	Erode	IN	11.3306483	77.7276519	worker_opinion	opinions,text,worker					some year ago mturk job avalable in very good but currunt 2 years mturk jobs or very bad .also mturk is very good place for earnings but jobs are curruntly very low so add more jobs	1	98	892
opinions-98	opinions		text	Undefined	US	27.7567667	-81.4639835	worker_opinion	opinions,text,worker					"Amazon Mechanical Turk offers me the opportunity to engage in flexible work arrangements, allowing me to earn money on my own terms. It provides opportunities for those seeking additional income. Additionally, the variety of tasks available caters to diverse interests and abilities, offering avenues for earning extra money and accessing tasks, albeit with potential issues such as low pay and inconsistency."""	4	99	893
opinions-99	opinions		text	Undefined	US	39.7837304	-100.445882	worker_opinion	opinions,text,worker					Honest feelings are authentic expressions of one's true emotions, devoid of pretense or fabrication. They stem from the depths of one's being, reflecting sincerity, transparency, and genuine connection with oneself and others.	5	100	894
opinions-100	opinions		text	Undefined	US	31.2638905	-98.5456116	worker_opinion	opinions,text,worker					Hits are very less and People are using additional extension to catch the hits, it makes us difficult to accept good hits. More criteria and qualification makes me disqualified to work many hits.	3	101	895
opinions-101	opinions		text	Undefined	US	44.4694529	-70.7782375	worker_opinion	opinions,text,worker					I enjoy the different tasks. the variety is very interesting. It keeps me coming back to see what new tasks are available. I find it fun and interesting work.	5	102	896
opinions-102	opinions		text	Kottayam	IN	9.591564	76.5221599	worker_opinion	opinions,text,worker					It's the only genuine and straightforward online work platform that i know of even though it doesn't pay much on many tasks. I wish it paid more and gave me more tasks but they don't seem to really care about us. But american workers are paid well and about 10 times as much as Indian workers. That is sad.	2	103	897
opinions-103	opinions		text	City of Auburn	US	42.9320202	-76.5672029	worker_opinion	opinions,text,worker					I like Mturk because I am paid to take surveys, and I enjoy taking surveys like some people enjoy playing video games. It is convienent enough to access Mturk for part time work.	2	104	898
opinions-104	opinions		text	Atlanta	US	33.7489924	-84.3902644	worker_opinion	opinions,text,worker					In general, I like AMT, mostly because I've discovered one HIT that usually pays off. But I HATE it when I get tricked, with a HIT where the time automatically runs out before the 'time allotted.'	4	105	899
opinions-105	opinions		text	Hendersonville	US	35.3187279	-82.4609528	worker_opinion	opinions,text,worker					I do like it. I work on it just to earn a little bit of extra pocket money. Nice to make a few bucks a day without leaving the house. Just wish it had more jobs or higher paying jobs or an easier way to qualify for better jobs.	3	106	900
opinions-106	opinions		text	Gurugram District	IN	28.42826235	77.00270014657752	worker_opinion	opinions,text,worker					what i like about AMT is that it gives me the option to work remotely from home . all i need is a PC with internet connection. second thing i like is atleast some work is available throughout the day, so i can work when ever i feel like. third thing i like is i get payed in US dollars which are equivalent of huge amount of Indian rupees. what i don't like is that whenever after getting a rejection i try to contact requester most of the times they don't reply at all. that is so unprofessional attitude. second thing i hate is that most work is available to US citizens only . i think even indian workers are of same competency. one honest suggestion of mine is instead of focussing only on micro gigs , AMT should also provide bigger assignment options as well. also, if AMT can also cover transaction fees and annual maintenance fee of payment processors like hyperwallet and payoneer then we can see some real earnings entering our bank accounts and would give workers a lot of mental peace and would truly increase the bonding between AMT and it's workers.	5	107	901
opinions-107	opinions		text	Milton	US	38.7778049	-75.3101583	worker_opinion	opinions,text,worker					I am disappointed that AMT has changed so drastically in the past year in that good paying surveys are very hard to find and the work that is offered offers such small rewards so that the work-reward ratio is skewed is so low as opposed to the recent past.	3	108	902
opinions-108	opinions		text	Napoli	IT	40.8358846	14.2487679	worker_opinion	opinions,text,worker					Recently, I do not like working on this platform because there is not a lot to do but, in general, it has always been not the greatest platform because of its first-come first-served based program when working.	1	109	903
opinions-109	opinions		text	Undefined	IN	22.3511148	78.6677428	worker_opinion	opinions,text,worker					Really this is the best platform to earn money sometimes work will not come properly during that time i will be felt bad.	5	110	904
opinions-110	opinions		text	Undefined	US	39.7837304	-100.445882	worker_opinion	opinions,text,worker					When we learn to speak our truth, we become courageous, we value ourselves, we shine our light from within, we become worthy, and we feel, share, and connect on	5	111	905
opinions-111	opinions		text	Undefined	US	31.2638905	-98.5456116	worker_opinion	opinions,text,worker					In short, if you treat Amazon Mechanical Turk like a full-time job, then it's possible to earn a full-time living. In fact, it isn't uncommon for top workers to make over $100 a day. While it won't be the highest-paying work from home job, it's possible to consistently make money online from MTurk	5	112	906
opinions-112	opinions		text	Ypsilanti	US	42.2410562	-83.613055	worker_opinion	opinions,text,worker					Although Amazon Turk is a secondary means to make income, there should be more high paying tasks to complete than competing with others for low paying tasks. I make money on Amazon Turk because I am a stay at home mother at the moment taking care of a disabled son, therefore I utilize Amazon Turk as a way to make ends meet. I do enjoy the option of working at will on Amazon Turk, but the low pay is definitely a determining factor as to why I am currently searching for a much higher paying work from home job.	3	113	907
opinions-113	opinions		text	Undefined	US	39.7837304	-100.445882	worker_opinion	opinions,text,worker					, Amazon Mturk has started accepting non-US applicants sometime back in mid-2016. Although getting accepted as a worker totally depends on ...	1	114	908
opinions-114	opinions		text	Undefined	US	33.7219991	-116.0372472	worker_opinion	opinions,text,worker					I would like to say that I like it. It is hard to get HITS but it is good extra money. I like the platform and how it gives you bonuses and it is good to have extra cash when you need it. It is steady and good to work for Amazon mechanical turk.	5	115	909
opinions-115	opinions		text	City of New York	US	40.7127281	-74.0060152	worker_opinion	opinions,text,worker					AMTs inspect, service, maintain, troubleshoot and repair aircraft engines, auxiliary power units, propellers, rotor systems, power train systems, and associated airframe and systems-specific electrical components.	5	116	910
opinions-116	opinions		text	Pittsburgh	US	40.4416941	-79.9900861	worker_opinion	opinions,text,worker					"I like the platform. It is a hobby for me, and I do not depend on it for much income, I use it for ""treats money"". That being said, many of the payouts are too low for the time, it would be nice if there were minimum payouts based on projected time to complete a task."	4	117	911
opinions-117	opinions		text	Salt Lake City	US	40.7596198	-111.886797	worker_opinion	opinions,text,worker					Finding work on AMT came at a time where I needed extra funds while working towards the goal of publishing my first book. Since that time I have found AMT to be convenient and a spare source of income that helps me. I enjoy the academic HITS the most and have learned quite a bit from surveys that require writing, keeping a diary, and those asking about politics. I only wish there were more HITS and have since began working for Branded Surveys.	3	118	912
opinions-118	opinions		text	Undefined	US	39.7837304	-100.445882	worker_opinion	opinions,text,worker					Amazon Mechanical Turk (MTurk) is a marketplace for completion of virtual tasks that requires human intelligence. The Mechanical Turk service gives businesses access to a diverse, on-demand, scalable workforce and gives Workers a selection of thousands of tasks to complete whenever it's convenient.Overall, Amazon Mechanical Turk can be a cost-effective and efficient way to outsource data entry tasks, but it also comes with some limitations related to quality control, security, and control over the workers completing the tasks.	5	119	913
opinions-119	opinions		text	Somerville	US	42.3874119	-71.10039	worker_opinion	opinions,text,worker					I like mTurk. It's not as profitable for me as cloud research is, but the tasks tend to be more interesting. I'm a computer scientist who's interested data science and using different scripts to sort HiTs and analyze numbers is kinda fun :)	3	120	914
opinions-120	opinions		text	Kollam	IN	8.8879509	76.5955013	worker_opinion	opinions,text,worker					So much happy with this platform...i really managing some expenses with the help of this...last few years it help very much...so i love this...i earned somewhat good amount using this	5	121	915
opinions-121	opinions		text	El Cajon	US	32.7947731	-116.962526	worker_opinion	opinions,text,worker					I like Amazon Mechanical Turk very much. Amazon Mechanical Turk helps me to earn a good amount of money . I am very happy and satisfied with Amazon Mechanical Turk .I like This platform but I feel sometimes there is some work which is very bad . We do their work and they did not give us completion code so because of that we can't submit the work and can't get the money.	4	122	916
opinions-122	opinions		text	Undefined	US	43.6211955	-84.6824346	worker_opinion	opinions,text,worker					To be honest I like Amazon Mechanical Turk very much . This is a very good platform for earning and there is a lot of things to learn . I am very happy to be a part of Amazon Mechanical Turk. Because of Amazon Mechanical Turk I can earn some good amount of money. I am very satisfied .	5	123	917
opinions-123	opinions		text	Undefined	US	39.7837304	-100.445882	worker_opinion	opinions,text,worker					Amazon Mechanical Turk (MTurk) is a marketplace for completion of virtual tasks that requires human intelligence. The Mechanical Turk service gives businesses access to a diverse, on-demand, scalable workforce and gives Workers a selection of thousands of tasks to complete whenever it's convenient	5	124	918
opinions-124	opinions		text	Undefined	US	39.7837304	-100.445882	worker_opinion	opinions,text,worker					Amazon Mechanical Turk (MTurk) is a crowdsourcing marketplace that makes it easier for individuals and businesses to outsource their processes and jobs to a Amazon Mechanical Turk HIT jobs can be a great source of extra income for those with full-time or part-time jobs.	1	125	919
opinions-125	opinions		text	Undefined	US	27.7567667	-81.4639835	worker_opinion	opinions,text,worker					I am interested in working at amt.genova.it because it is a leading organization in the maritime industry and I believe that I can contribute to its success. I have the necessary skills and qualifications for the job, and I am eager to use my skills to contribute to the organization's success. it is a great company with a lot of opportunity for growth and development. Good luck with	5	126	920
opinions-126	opinions		text	Undefined	US	36.7014631	-118.755997	worker_opinion	opinions,text,worker					MTurk crowdsources surveys and other small tasks to respondents, allowing task requesters to gain a vast amount of information for a small price. Owned by Amazon (as clear through the name), MTurk is definitely one of the more trustworthy sites I've used over the years.	5	127	921
opinions-127	opinions		text	Undefined	US	39.7837304	-100.445882	worker_opinion	opinions,text,worker					Amazon Mechanical Turk (MTurk) is a marketplace for completion of virtual tasks that requires human intelligence. The Mechanical Turk service gives businesses access to a diverse, on-demand, scalable workforce and gives Workers a selection of thousands of tasks to complete whenever it's convenient.	5	128	922
opinions-128	opinions		text	Undefined	IN	12.98815675	77.62260003796	worker_opinion	opinions,text,worker					I have been working with Amazon Mechanical Turk Platform since more than ten years. They are prompt in making payment. There are lots of jobs provided by them.	4	129	923
opinions-129	opinions		text	Undefined	US	40.9699889	-77.7278831	worker_opinion	opinions,text,worker					IT IS VERY USEFUL TO IMPROVE MY FINANCIAL STABILITY AND TECHNICAL KNOWLEDGE THE AMAZON MECHANICAL TURK PLATFORM IS VERY EASY WORK AND USER FRIENDLY IT WILL BE GIVES AN NEW AND INNOVATIVE TASKS TO COMPLETE AND INCREASE MY EARNINGS	5	130	924
opinions-130	opinions		text	Undefined	US	39.7837304	-100.445882	worker_opinion	opinions,text,worker					can be a great source of extra income for those with full-time or part-time jobs.Here's what I learnt from my experience as an MTurk worker: 1. MTurk workers do not earn much money and the site made it impossible to figure	1	131	925
opinions-131	opinions		text	City of New York	US	40.7127281	-74.0060152	worker_opinion	opinions,text,worker					I don't like Mechanical Turk because I find it extremely stressful. I feel a constant need to be monitoring the site for work and there's not enough work to go around. It feels like I'm always required to be checking on the tasks that are being released and I feel pressure that I need to be among the first workers to start a batch so that the work won't dry up and to ensure that I'll get paid for my efforts. I work on Mechanical Turk because I don't feel I have enough money to be able to cut the platform out entirely.	1	132	926
opinions-132	opinions		text	Duncan	US	34.5023029	-97.9578129	worker_opinion	opinions,text,worker					I think there are a lot of positives with the Amazon Mechanical Turk platform. I like how the dashboard is laid out. I like the option of getting paid every 3 days. I like the sorting features. I like that you can apply for certain types of surveys and studies. I like how there seem to always be one or two HITs where you can go in most hours of the day and be able to choose a lower-paying survey so that you aren't completely wasting your time. I own a small business that is very seasonal. I've started AMT to supplement that income a bit and help level it out during slow times. It seems to fit that niche well.	4	133	927
opinions-133	opinions		text	Roma	IT	41.8933203	12.4829321	worker_opinion	opinions,text,worker					I am working on it to get some extra cash, unfortunately I don' t think it pays decent, and getting qualification is extremely difficult. Concept is good but I believe, execution is bad.	2	134	928
opinions-134	opinions		text	Fresno	US	36.7295295	-119.70886126075588	worker_opinion	opinions,text,worker					My honest opinions about working on the Amazon Mechanical Turk Platform are that it is both financially beneficial and stress-reducing. I really enjoy the AMT work survey on gaming and family-related questionnaires. To be really honest, I don't dislike AMT's work. My daily life is nice, but one awful circumstance has completely devastated me. At the time, Amazon Mechanical Turk was quite useful. I've always liked and enjoyed AMT job. I believe that AMT job is extremely special in my life.	5	135	929
opinions-135	opinions		text	Undefined	US	36.7014631	-118.755997	worker_opinion	opinions,text,worker					Amazon Mechanical Turk provides an on-demand, scalable, human workforce to complete jobs that humans can do better than computers.	4	136	930
opinions-136	opinions		text	Undefined	US	39.7837304	-100.445882	worker_opinion	opinions,text,worker					Amazon Mechanical Turk (MTurk) is a marketplace for completion of virtual tasks that requires human intelligence. The Mechanical Turk service gives businesses access to a diverse, on-demand, scalable workforce and gives Workers a selection of thousands of tasks to complete whenever it's convenient.	5	137	931